game_date,player,player_id,team_abbr,opponent_abbr,market,line,over_odds,under_odds,over_book,under_book,sportsbook_count,source_projection,source_book,source_market,source_url,source_event_id,line_last_updated,source_status,team_resolution_status
2026-08-03,A'ja Wilson,3149391,LV,ATL,PTS,26.5,100,-124,hardrock,draftkings,2,26.52,ScoresAndOdds Best Odds,PTS,https://www.scoresandodds.com/wnba/props/points,11907790,2026-08-03T16:11:25Z,live_current,current_roster_match
2026-08-03,Jackie Young,4065870,LV,ATL,PTS,19.5,-110,-107,fanduel,draftkings,2,19.2,ScoresAndOdds Best Odds,PTS,https://www.scoresandodds.com/wnba/props/points,11907790,2026-08-03T16:11:25Z,live_current,current_roster_match
2026-08-03,Allisha Gray,3058901,ATL,LV,PTS,18.5,-110,-102,hardrock,caesars,2,20.1,ScoresAndOdds Best Odds,PTS,https://www.scoresandodds.com/wnba/props/points,11907790,2026-08-03T16:11:25Z,live_current,current_roster_match
2026-08-03,Sydney Taylor,4594786,CHI,PHX,PTS,17.5,100,-110,hardrock,bet365,2,18.77,ScoresAndOdds Best Odds,PTS,https://www.scoresandodds.com/wnba/props/points,11907820,2026-08-03T16:11:25Z,live_current,current_roster_match
2026-08-03,Rhyne Howard,4398674,ATL,LV,PTS,16.5,-110,-108,bet365,caesars,2,16.28,ScoresAndOdds Best Odds,PTS,https://www.scoresandodds.com/wnba/props/points,11907790,2026-08-03T16:11:25Z,live_current,current_roster_match
2026-08-03,Angel Reese,4433402,ATL,LV,PTS,15.5,105,-109,hardrock,draftkings,2,16.67,ScoresAndOdds Best Odds,PTS,https://www.scoresandodds.com/wnba/props/points,11907790,2026-08-03T16:11:25Z,live_current,current_roster_match
2026-08-03,Kamilla Cardoso,4433405,CHI,PHX,PTS,13.5,-105,-118,hardrock,fanduel,2,15.19,ScoresAndOdds Best Odds,PTS,https://www.scoresandodds.com/wnba/props/points,11907820,2026-08-03T16:11:25Z,live_current,current_roster_match
2026-08-03,Azura Stevens,3142010,CHI,PHX,PTS,12.5,-131,-101,draftkings,draftkings,2,0.0,ScoresAndOdds Best Odds,PTS,https://www.scoresandodds.com/wnba/props/points,11907820,2026-08-03T16:11:25Z,live_current,current_roster_match
2026-08-03,Chelsea Gray,2529122,LV,ATL,PTS,11.5,100,-119,hardrock,draftkings,2,12.19,ScoresAndOdds Best Odds,PTS,https://www.scoresandodds.com/wnba/props/points,11907790,2026-08-03T16:11:25Z,live_current,current_roster_match
2026-08-03,DeWanna Bonner,869,PHX,CHI,PTS,10.5,-105,-102,hardrock,fanduel,2,12.05,ScoresAndOdds Best Odds,PTS,https://www.scoresandodds.com/wnba/props/points,11907820,2026-08-03T16:11:25Z,live_current,current_roster_match
2026-08-03,NaLyssa Smith,4398776,LV,ATL,PTS,10.5,100,-114,bet365,fanduel,2,9.22,ScoresAndOdds Best Odds,PTS,https://www.scoresandodds.com/wnba/props/points,11907790,2026-08-03T16:11:25Z,live_current,current_roster_match
2026-08-03,Jordin Canada,3142250,ATL,LV,PTS,10.5,-105,-108,hardrock,fanduel,2,11.74,ScoresAndOdds Best Odds,PTS,https://www.scoresandodds.com/wnba/props/points,11907790,2026-08-03T16:11:25Z,live_current,current_roster_match
2026-08-03,Natasha Cloud,2529137,CHI,PHX,PTS,10.5,105,-120,hardrock,bet365,2,11.06,ScoresAndOdds Best Odds,PTS,https://www.scoresandodds.com/wnba/props/points,11907820,2026-08-03T16:11:25Z,live_current,current_roster_match
2026-08-03,DiJonai Carrington,4066548,CHI,PHX,PTS,9.5,-102,-110,fanduel,bet365,2,8.66,ScoresAndOdds Best Odds,PTS,https://www.scoresandodds.com/wnba/props/points,11907820,2026-08-03T16:11:25Z,live_current,current_roster_match
2026-08-03,Courtney Vandersloot,981,CHI,PHX,PTS,8.5,-105,-106,hardrock,draftkings,2,8.87,ScoresAndOdds Best Odds,PTS,https://www.scoresandodds.com/wnba/props/points,11907820,2026-08-03T16:11:25Z,live_current,current_roster_match
2026-08-03,Jewell Loyd,2987869,LV,ATL,PTS,8.5,-105,-114,hardrock,draftkings,2,9.21,ScoresAndOdds Best Odds,PTS,https://www.scoresandodds.com/wnba/props/points,11907790,2026-08-03T16:11:25Z,live_current,current_roster_match
2026-08-03,Naz Hillmon,4398915,ATL,LV,PTS,7.5,110,-123,hardrock,draftkings,2,8.06,ScoresAndOdds Best Odds,PTS,https://www.scoresandodds.com/wnba/props/points,11907790,2026-08-03T16:11:25Z,live_current,current_roster_match
2026-08-03,Noemie Brochant,5345524,PHX,CHI,PTS,4.5,-115,-115,hardrock,hardrock,2,4.64,ScoresAndOdds Best Odds,PTS,https://www.scoresandodds.com/wnba/props/points,11907820,2026-08-03T16:11:25Z,live_current,current_roster_match
2026-08-03,Angel Reese,4433402,ATL,LV,REB,11.5,-125,100,bet365,caesars,2,12.0,ScoresAndOdds Best Odds,REB,https://www.scoresandodds.com/wnba/props/rebounds,11907790,2026-08-03T16:11:25Z,live_current,current_roster_match
2026-08-03,A'ja Wilson,3149391,LV,ATL,REB,9.5,-120,-105,hardrock,bet365,2,9.7,ScoresAndOdds Best Odds,REB,https://www.scoresandodds.com/wnba/props/rebounds,11907790,2026-08-03T16:11:25Z,live_current,current_roster_match
2026-08-03,Alyssa Thomas,2529140,PHX,CHI,REB,7.5,-125,104,hardrock,fanduel,2,7.47,ScoresAndOdds Best Odds,REB,https://www.scoresandodds.com/wnba/props/rebounds,11907820,2026-08-03T16:11:25Z,live_current,current_roster_match
2026-08-03,Azura Stevens,3142010,CHI,PHX,REB,7.5,114,-155,draftkings,draftkings,2,0.0,ScoresAndOdds Best Odds,REB,https://www.scoresandodds.com/wnba/props/rebounds,11907820,2026-08-03T16:11:25Z,live_current,current_roster_match
2026-08-03,DeWanna Bonner,869,PHX,CHI,REB,6.5,115,-137,hardrock,draftkings,2,6.64,ScoresAndOdds Best Odds,REB,https://www.scoresandodds.com/wnba/props/rebounds,11907820,2026-08-03T16:11:25Z,live_current,current_roster_match
2026-08-03,NaLyssa Smith,4398776,LV,ATL,REB,5.5,115,-122,hardrock,fanduel,2,5.3,ScoresAndOdds Best Odds,REB,https://www.scoresandodds.com/wnba/props/rebounds,11907790,2026-08-03T16:11:25Z,live_current,current_roster_match
2026-08-03,Kahleah Copper,2998938,PHX,CHI,REB,3.5,-130,115,fanduel,bet365,2,3.66,ScoresAndOdds Best Odds,REB,https://www.scoresandodds.com/wnba/props/rebounds,11907820,2026-08-03T16:11:25Z,live_current,current_roster_match
2026-08-03,Jackie Young,4065870,LV,ATL,REB,3.5,-132,105,caesars,bet365,2,3.69,ScoresAndOdds Best Odds,REB,https://www.scoresandodds.com/wnba/props/rebounds,11907790,2026-08-03T16:11:25Z,live_current,current_roster_match
2026-08-03,Rhyne Howard,4398674,ATL,LV,REB,3.5,-114,-110,fanduel,bet365,2,3.57,ScoresAndOdds Best Odds,REB,https://www.scoresandodds.com/wnba/props/rebounds,11907790,2026-08-03T16:11:26Z,live_current,current_roster_match
2026-08-03,Jordin Canada,3142250,ATL,LV,REB,3.5,-114,-110,caesars,bet365,2,3.28,ScoresAndOdds Best Odds,REB,https://www.scoresandodds.com/wnba/props/rebounds,11907790,2026-08-03T16:11:26Z,live_current,current_roster_match
2026-08-03,Allisha Gray,3058901,ATL,LV,REB,3.5,118,-125,fanduel,bet365,2,3.23,ScoresAndOdds Best Odds,REB,https://www.scoresandodds.com/wnba/props/rebounds,11907790,2026-08-03T16:11:26Z,live_current,current_roster_match
2026-08-03,Naz Hillmon,4398915,ATL,LV,REB,3.5,130,-148,bet365,caesars,2,3.55,ScoresAndOdds Best Odds,REB,https://www.scoresandodds.com/wnba/props/rebounds,11907790,2026-08-03T16:11:26Z,live_current,current_roster_match
2026-08-03,Natasha Cloud,2529137,CHI,PHX,REB,3.5,,-170,,hardrock,1,3.29,ScoresAndOdds Best Odds,REB,https://www.scoresandodds.com/wnba/props/rebounds,11907820,2026-08-03T16:11:26Z,live_current,current_roster_match
2026-08-03,Courtney Vandersloot,981,CHI,PHX,REB,2.5,,110,,bet365,1,3.04,ScoresAndOdds Best Odds,REB,https://www.scoresandodds.com/wnba/props/rebounds,11907820,2026-08-03T16:11:26Z,live_current,current_roster_match
2026-08-03,Chelsea Gray,2529122,LV,ATL,REB,2.5,,118,,fanduel,1,2.73,ScoresAndOdds Best Odds,REB,https://www.scoresandodds.com/wnba/props/rebounds,11907790,2026-08-03T16:11:26Z,live_current,current_roster_match
2026-08-03,DiJonai Carrington,4066548,CHI,PHX,REB,2.5,,-115,,hardrock,1,3.36,ScoresAndOdds Best Odds,REB,https://www.scoresandodds.com/wnba/props/rebounds,11907820,2026-08-03T16:11:26Z,live_current,current_roster_match
2026-08-03,Sydney Taylor,4594786,CHI,PHX,REB,2.5,,-194,,draftkings,1,2.38,ScoresAndOdds Best Odds,REB,https://www.scoresandodds.com/wnba/props/rebounds,11907820,2026-08-03T16:11:26Z,live_current,current_roster_match
2026-08-03,Alyssa Thomas,2529140,PHX,CHI,AST,8.5,103,-128,draftkings,fanduel,2,8.78,ScoresAndOdds Best Odds,AST,https://www.scoresandodds.com/wnba/props/assists,11907820,2026-08-03T16:11:26Z,live_current,current_roster_match
2026-08-03,Jackie Young,4065870,LV,ATL,AST,6.5,100,-118,hardrock,draftkings,2,7.17,ScoresAndOdds Best Odds,AST,https://www.scoresandodds.com/wnba/props/assists,11907790,2026-08-03T16:11:26Z,live_current,current_roster_match
2026-08-03,Chelsea Gray,2529122,LV,ATL,AST,6.5,105,-125,hardrock,bet365,2,6.87,ScoresAndOdds Best Odds,AST,https://www.scoresandodds.com/wnba/props/assists,11907790,2026-08-03T16:11:26Z,live_current,current_roster_match
2026-08-03,Natasha Cloud,2529137,CHI,PHX,AST,4.5,-130,120,hardrock,bet365,2,5.72,ScoresAndOdds Best Odds,AST,https://www.scoresandodds.com/wnba/props/assists,11907820,2026-08-03T16:11:26Z,live_current,current_roster_match
2026-08-03,Courtney Vandersloot,981,CHI,PHX,AST,4.5,-115,102,bet365,fanduel,2,5.3,ScoresAndOdds Best Odds,AST,https://www.scoresandodds.com/wnba/props/assists,11907820,2026-08-03T16:11:26Z,live_current,current_roster_match
2026-08-03,Rhyne Howard,4398674,ATL,LV,AST,3.5,-112,-105,fanduel,bet365,2,4.32,ScoresAndOdds Best Odds,AST,https://www.scoresandodds.com/wnba/props/assists,11907790,2026-08-03T16:11:26Z,live_current,current_roster_match
2026-08-03,A'ja Wilson,3149391,LV,ATL,AST,3.5,-105,-114,hardrock,draftkings,2,3.31,ScoresAndOdds Best Odds,AST,https://www.scoresandodds.com/wnba/props/assists,11907790,2026-08-03T16:11:26Z,live_current,current_roster_match
2026-08-03,Allisha Gray,3058901,ATL,LV,AST,2.5,,-120,,bet365,1,2.61,ScoresAndOdds Best Odds,AST,https://www.scoresandodds.com/wnba/props/assists,11907790,2026-08-03T16:11:26Z,live_current,current_roster_match
2026-08-03,Angel Reese,4433402,ATL,LV,AST,2.5,,-153,,draftkings,1,2.88,ScoresAndOdds Best Odds,AST,https://www.scoresandodds.com/wnba/props/assists,11907790,2026-08-03T16:11:26Z,live_current,current_roster_match
2026-08-03,Kahleah Copper,2998938,PHX,CHI,AST,2.5,,-179,,draftkings,1,1.95,ScoresAndOdds Best Odds,AST,https://www.scoresandodds.com/wnba/props/assists,11907820,2026-08-03T16:11:26Z,live_current,current_roster_match
2026-08-03,Rhyne Howard,4398674,ATL,LV,THREES,2.5,-145,115,bet365,bet365,2,2.58,ScoresAndOdds Best Odds,THREES,https://www.scoresandodds.com/wnba/props/3-pointers,11907790,2026-08-03T16:11:26Z,live_current,current_roster_match
2026-08-03,Sydney Taylor,4594786,CHI,PHX,THREES,2.5,-109,-104,draftkings,fanduel,2,2.95,ScoresAndOdds Best Odds,THREES,https://www.scoresandodds.com/wnba/props/3-pointers,11907820,2026-08-03T16:11:26Z,live_current,current_roster_match
2026-08-03,Allisha Gray,3058901,ATL,LV,THREES,1.5,-130,105,bet365,draftkings,2,1.63,ScoresAndOdds Best Odds,THREES,https://www.scoresandodds.com/wnba/props/3-pointers,11907790,2026-08-03T16:11:26Z,live_current,current_roster_match
2026-08-03,Jewell Loyd,2987869,LV,ATL,THREES,1.5,-130,105,bet365,draftkings,2,1.67,ScoresAndOdds Best Odds,THREES,https://www.scoresandodds.com/wnba/props/3-pointers,11907790,2026-08-03T16:11:26Z,live_current,current_roster_match
2026-08-03,Chelsea Gray,2529122,LV,ATL,THREES,1.5,110,-127,fanduel,draftkings,2,1.59,ScoresAndOdds Best Odds,THREES,https://www.scoresandodds.com/wnba/props/3-pointers,11907790,2026-08-03T16:11:26Z,live_current,current_roster_match
2026-08-03,DeWanna Bonner,869,PHX,CHI,THREES,1.5,135,-155,hardrock,bet365,2,1.4,ScoresAndOdds Best Odds,THREES,https://www.scoresandodds.com/wnba/props/3-pointers,11907820,2026-08-03T16:11:26Z,live_current,current_roster_match
2026-08-03,Azura Stevens,3142010,CHI,PHX,THREES,1.5,132,-181,draftkings,draftkings,2,0.0,ScoresAndOdds Best Odds,THREES,https://www.scoresandodds.com/wnba/props/3-pointers,11907820,2026-08-03T16:11:26Z,live_current,current_roster_match
2026-08-03,Natasha Cloud,2529137,CHI,PHX,THREES,1.5,170,-220,bet365,bet365,2,1.42,ScoresAndOdds Best Odds,THREES,https://www.scoresandodds.com/wnba/props/3-pointers,11907820,2026-08-03T16:11:26Z,live_current,current_roster_match
2026-08-03,DiJonai Carrington,4066548,CHI,PHX,THREES,0.5,-200,140,hardrock,hardrock,2,0.59,ScoresAndOdds Best Odds,THREES,https://www.scoresandodds.com/wnba/props/3-pointers,11907820,2026-08-03T16:11:26Z,live_current,current_roster_match
2026-08-03,Noemie Brochant,5345524,PHX,CHI,THREES,0.5,-150,105,hardrock,hardrock,2,0.62,ScoresAndOdds Best Odds,THREES,https://www.scoresandodds.com/wnba/props/3-pointers,11907820,2026-08-03T16:11:26Z,live_current,current_roster_match
2026-08-03,Courtney Vandersloot,981,CHI,PHX,THREES,0.5,-140,-105,hardrock,hardrock,2,0.61,ScoresAndOdds Best Odds,THREES,https://www.scoresandodds.com/wnba/props/3-pointers,11907820,2026-08-03T16:11:26Z,live_current,current_roster_match
2026-08-03,Jordin Canada,3142250,ATL,LV,THREES,0.5,,-106,,draftkings,1,0.57,ScoresAndOdds Best Odds,THREES,https://www.scoresandodds.com/wnba/props/3-pointers,11907790,2026-08-03T16:11:26Z,live_current,current_roster_match
2026-08-03,Kahleah Copper,2998938,PHX,CHI,PR,25.5,-120,-105,caesars,bet365,2,25.15,ScoresAndOdds Best Odds,PR,https://www.scoresandodds.com/wnba/props/points-&-rebounds,11907820,2026-08-03T16:11:26Z,live_current,current_roster_match
2026-08-03,Jackie Young,4065870,LV,ATL,PR,23.5,-115,-110,bet365,draftkings,2,22.89,ScoresAndOdds Best Odds,PR,https://www.scoresandodds.com/wnba/props/points-&-rebounds,11907790,2026-08-03T16:11:26Z,live_current,current_roster_match
2026-08-03,Allisha Gray,3058901,ATL,LV,PR,22.5,-106,-115,fanduel,caesars,2,23.33,ScoresAndOdds Best Odds,PR,https://www.scoresandodds.com/wnba/props/points-&-rebounds,11907790,2026-08-03T16:11:26Z,live_current,current_roster_match
2026-08-03,Kamilla Cardoso,4433405,CHI,PHX,PR,21.5,-115,-105,caesars,bet365,2,23.23,ScoresAndOdds Best Odds,PR,https://www.scoresandodds.com/wnba/props/points-&-rebounds,11907820,2026-08-03T16:11:26Z,live_current,current_roster_match
2026-08-03,Rhyne Howard,4398674,ATL,LV,PR,20.5,-110,-115,bet365,caesars,2,19.85,ScoresAndOdds Best Odds,PR,https://www.scoresandodds.com/wnba/props/points-&-rebounds,11907790,2026-08-03T16:11:26Z,live_current,current_roster_match
2026-08-03,Azura Stevens,3142010,CHI,PHX,PR,20.5,-108,-125,draftkings,draftkings,2,0.0,ScoresAndOdds Best Odds,PR,https://www.scoresandodds.com/wnba/props/points-&-rebounds,11907820,2026-08-03T16:11:26Z,live_current,current_roster_match
2026-08-03,Sydney Taylor,4594786,CHI,PHX,PR,19.5,-119,-114,draftkings,draftkings,2,21.15,ScoresAndOdds Best Odds,PR,https://www.scoresandodds.com/wnba/props/points-&-rebounds,11907820,2026-08-03T16:11:26Z,live_current,current_roster_match
2026-08-03,Brionna Jones,3058895,ATL,LV,PR,17.5,-102,-115,draftkings,bet365,2,16.97,ScoresAndOdds Best Odds,PR,https://www.scoresandodds.com/wnba/props/points-&-rebounds,11907790,2026-08-03T16:11:26Z,live_current,current_roster_match
2026-08-03,Chelsea Gray,2529122,LV,ATL,PR,14.5,-102,-105,fanduel,bet365,2,14.92,ScoresAndOdds Best Odds,PR,https://www.scoresandodds.com/wnba/props/points-&-rebounds,11907790,2026-08-03T16:11:26Z,live_current,current_roster_match
2026-08-03,Jordin Canada,3142250,ATL,LV,PR,14.5,-102,-118,draftkings,fanduel,2,15.02,ScoresAndOdds Best Odds,PR,https://www.scoresandodds.com/wnba/props/points-&-rebounds,11907790,2026-08-03T16:11:26Z,live_current,current_roster_match
2026-08-03,Natasha Cloud,2529137,CHI,PHX,PR,13.5,-110,-117,bet365,caesars,2,14.35,ScoresAndOdds Best Odds,PR,https://www.scoresandodds.com/wnba/props/points-&-rebounds,11907820,2026-08-03T16:11:26Z,live_current,current_roster_match
2026-08-03,DiJonai Carrington,4066548,CHI,PHX,PR,12.5,-102,-121,fanduel,draftkings,2,12.02,ScoresAndOdds Best Odds,PR,https://www.scoresandodds.com/wnba/props/points-&-rebounds,11907820,2026-08-03T16:11:26Z,live_current,current_roster_match
2026-08-03,Courtney Vandersloot,981,CHI,PHX,PR,11.5,-110,-115,fanduel,bet365,2,11.91,ScoresAndOdds Best Odds,PR,https://www.scoresandodds.com/wnba/props/points-&-rebounds,11907820,2026-08-03T16:11:26Z,live_current,current_roster_match
2026-08-03,Elizabeth Williams,2566081,CHI,PHX,PR,10.5,-125,100,bet365,draftkings,2,10.51,ScoresAndOdds Best Odds,PR,https://www.scoresandodds.com/wnba/props/points-&-rebounds,11907820,2026-08-03T16:11:26Z,live_current,current_roster_match
2026-08-03,Naz Hillmon,4398915,ATL,LV,PR,10.5,-110,-109,bet365,draftkings,2,11.61,ScoresAndOdds Best Odds,PR,https://www.scoresandodds.com/wnba/props/points-&-rebounds,11907790,2026-08-03T16:11:26Z,live_current,current_roster_match
2026-08-03,A'ja Wilson,3149391,LV,ATL,PA,29.5,-124,-105,caesars,bet365,2,29.83,ScoresAndOdds Best Odds,PA,https://www.scoresandodds.com/wnba/props/points-&-assists,11907790,2026-08-03T16:11:26Z,live_current,current_roster_match
2026-08-03,Jackie Young,4065870,LV,ATL,PA,26.5,100,-113,bet365,draftkings,2,26.37,ScoresAndOdds Best Odds,PA,https://www.scoresandodds.com/wnba/props/points-&-assists,11907790,2026-08-03T16:11:26Z,live_current,current_roster_match
2026-08-03,Kahleah Copper,2998938,PHX,CHI,PA,24.5,-102,-120,caesars,draftkings,2,23.44,ScoresAndOdds Best Odds,PA,https://www.scoresandodds.com/wnba/props/points-&-assists,11907820,2026-08-03T16:11:26Z,live_current,current_roster_match
2026-08-03,Alyssa Thomas,2529140,PHX,CHI,PA,23.5,-110,-110,fanduel,bet365,2,24.57,ScoresAndOdds Best Odds,PA,https://www.scoresandodds.com/wnba/props/points-&-assists,11907820,2026-08-03T16:11:26Z,live_current,current_roster_match
2026-08-03,Allisha Gray,3058901,ATL,LV,PA,21.5,-110,-112,bet365,draftkings,2,22.71,ScoresAndOdds Best Odds,PA,https://www.scoresandodds.com/wnba/props/points-&-assists,11907790,2026-08-03T16:11:26Z,live_current,current_roster_match
2026-08-03,Rhyne Howard,4398674,ATL,LV,PA,20.5,100,-114,bet365,fanduel,2,20.6,ScoresAndOdds Best Odds,PA,https://www.scoresandodds.com/wnba/props/points-&-assists,11907790,2026-08-03T16:11:26Z,live_current,current_roster_match
2026-08-03,Sydney Taylor,4594786,CHI,PHX,PA,19.5,-114,-115,draftkings,bet365,2,21.4,ScoresAndOdds Best Odds,PA,https://www.scoresandodds.com/wnba/props/points-&-assists,11907820,2026-08-03T16:11:26Z,live_current,current_roster_match
2026-08-03,Jordin Canada,3142250,ATL,LV,PA,18.5,-123,102,draftkings,fanduel,2,19.84,ScoresAndOdds Best Odds,PA,https://www.scoresandodds.com/wnba/props/points-&-assists,11907790,2026-08-03T16:11:26Z,live_current,current_roster_match
2026-08-03,Kamilla Cardoso,4433405,CHI,PHX,PA,16.5,-115,-118,draftkings,draftkings,2,17.72,ScoresAndOdds Best Odds,PA,https://www.scoresandodds.com/wnba/props/points-&-assists,11907820,2026-08-03T16:11:26Z,live_current,current_roster_match
2026-08-03,Natasha Cloud,2529137,CHI,PHX,PA,15.5,-114,-114,fanduel,fanduel,2,16.78,ScoresAndOdds Best Odds,PA,https://www.scoresandodds.com/wnba/props/points-&-assists,11907820,2026-08-03T16:11:26Z,live_current,current_roster_match
2026-08-03,Courtney Vandersloot,981,CHI,PHX,PA,13.5,-110,-110,bet365,draftkings,2,14.17,ScoresAndOdds Best Odds,PA,https://www.scoresandodds.com/wnba/props/points-&-assists,11907820,2026-08-03T16:11:26Z,live_current,current_roster_match
2026-08-03,DeWanna Bonner,869,PHX,CHI,PA,11.5,-135,-101,draftkings,draftkings,2,13.69,ScoresAndOdds Best Odds,PA,https://www.scoresandodds.com/wnba/props/points-&-assists,11907820,2026-08-03T16:11:26Z,live_current,current_roster_match
2026-08-03,NaLyssa Smith,4398776,LV,ATL,PA,11.5,-106,-128,draftkings,draftkings,2,9.82,ScoresAndOdds Best Odds,PA,https://www.scoresandodds.com/wnba/props/points-&-assists,11907790,2026-08-03T16:11:26Z,live_current,current_roster_match
2026-08-03,A'ja Wilson,3149391,LV,ATL,PRA,39.5,-110,-110,hardrock,bet365,2,39.53,ScoresAndOdds Best Odds,PRA,"https://www.scoresandodds.com/wnba/props/points,-rebounds,-&-assists",11907790,2026-08-03T16:11:26Z,live_current,current_roster_match
2026-08-03,Alyssa Thomas,2529140,PHX,CHI,PRA,31.5,-110,-114,hardrock,draftkings,2,32.04,ScoresAndOdds Best Odds,PRA,"https://www.scoresandodds.com/wnba/props/points,-rebounds,-&-assists",11907820,2026-08-03T16:11:26Z,live_current,current_roster_match
2026-08-03,Kahleah Copper,2998938,PHX,CHI,PRA,28.5,-102,-115,fanduel,hardrock,2,27.1,ScoresAndOdds Best Odds,PRA,"https://www.scoresandodds.com/wnba/props/points,-rebounds,-&-assists",11907820,2026-08-03T16:11:26Z,live_current,current_roster_match
2026-08-03,Brionna Jones,3058895,ATL,LV,PRA,19.5,-112,-118,fanduel,fanduel,2,18.84,ScoresAndOdds Best Odds,PRA,"https://www.scoresandodds.com/wnba/props/points,-rebounds,-&-assists",11907790,2026-08-03T16:11:26Z,live_current,current_roster_match
2026-08-03,DeWanna Bonner,869,PHX,CHI,PRA,18.5,-116,-117,draftkings,draftkings,2,20.33,ScoresAndOdds Best Odds,PRA,"https://www.scoresandodds.com/wnba/props/points,-rebounds,-&-assists",11907820,2026-08-03T16:11:26Z,live_current,current_roster_match
2026-08-03,Natasha Cloud,2529137,CHI,PHX,PRA,18.5,-110,-112,hardrock,fanduel,2,20.07,ScoresAndOdds Best Odds,PRA,"https://www.scoresandodds.com/wnba/props/points,-rebounds,-&-assists",11907820,2026-08-03T16:11:26Z,live_current,current_roster_match
2026-08-03,NaLyssa Smith,4398776,LV,ATL,PRA,16.5,-118,-115,draftkings,draftkings,2,15.12,ScoresAndOdds Best Odds,PRA,"https://www.scoresandodds.com/wnba/props/points,-rebounds,-&-assists",11907790,2026-08-03T16:11:26Z,live_current,current_roster_match
2026-08-03,Courtney Vandersloot,981,CHI,PHX,PRA,16.5,100,-117,hardrock,draftkings,2,17.21,ScoresAndOdds Best Odds,PRA,"https://www.scoresandodds.com/wnba/props/points,-rebounds,-&-assists",11907820,2026-08-03T16:11:26Z,live_current,current_roster_match
2026-08-03,Alyssa Thomas,2529140,PHX,CHI,RA,16.5,-104,-114,draftkings,fanduel,2,16.25,ScoresAndOdds Best Odds,RA,https://www.scoresandodds.com/wnba/props/rebounds-&-assists,11907820,2026-08-03T16:11:26Z,live_current,current_roster_match
2026-08-03,A'ja Wilson,3149391,LV,ATL,RA,13.5,100,-123,bet365,draftkings,2,13.01,ScoresAndOdds Best Odds,RA,https://www.scoresandodds.com/wnba/props/rebounds-&-assists,11907790,2026-08-03T16:11:26Z,live_current,current_roster_match
2026-08-03,Jordin Canada,3142250,ATL,LV,RA,11.5,-120,100,bet365,caesars,2,11.38,ScoresAndOdds Best Odds,RA,https://www.scoresandodds.com/wnba/props/rebounds-&-assists,11907790,2026-08-03T16:11:26Z,live_current,current_roster_match
2026-08-03,Kamilla Cardoso,4433405,CHI,PHX,RA,10.5,-119,-114,draftkings,draftkings,2,10.57,ScoresAndOdds Best Odds,RA,https://www.scoresandodds.com/wnba/props/rebounds-&-assists,11907820,2026-08-03T16:11:26Z,live_current,current_roster_match
2026-08-03,Jackie Young,4065870,LV,ATL,RA,10.5,100,-125,bet365,draftkings,2,10.86,ScoresAndOdds Best Odds,RA,https://www.scoresandodds.com/wnba/props/rebounds-&-assists,11907790,2026-08-03T16:11:26Z,live_current,current_roster_match
2026-08-03,DeWanna Bonner,869,PHX,CHI,RA,7.5,-134,-101,draftkings,draftkings,2,8.28,ScoresAndOdds Best Odds,RA,https://www.scoresandodds.com/wnba/props/rebounds-&-assists,11907820,2026-08-03T16:11:26Z,live_current,current_roster_match
2026-08-03,Courtney Vandersloot,981,CHI,PHX,RA,7.5,-110,-110,bet365,fanduel,2,8.34,ScoresAndOdds Best Odds,RA,https://www.scoresandodds.com/wnba/props/rebounds-&-assists,11907820,2026-08-03T16:11:26Z,live_current,current_roster_match
2026-08-03,Rhyne Howard,4398674,ATL,LV,RA,7.5,106,-126,fanduel,draftkings,2,7.89,ScoresAndOdds Best Odds,RA,https://www.scoresandodds.com/wnba/props/rebounds-&-assists,11907790,2026-08-03T16:11:26Z,live_current,current_roster_match
2026-08-03,NaLyssa Smith,4398776,LV,ATL,RA,6.5,107,-146,draftkings,draftkings,2,5.9,ScoresAndOdds Best Odds,RA,https://www.scoresandodds.com/wnba/props/rebounds-&-assists,11907790,2026-08-03T16:11:26Z,live_current,current_roster_match
2026-08-03,Allisha Gray,3058901,ATL,LV,RA,5.5,-138,122,fanduel,bet365,2,5.84,ScoresAndOdds Best Odds,RA,https://www.scoresandodds.com/wnba/props/rebounds-&-assists,11907790,2026-08-03T16:11:26Z,live_current,current_roster_match
