playerName,team,games,points,rebounds,assists,threes,pointsPerGame,reboundsPerGame,assistsPerGame,threesPerGame
Donovan Mitchell,CLE,60,1572.3,263.99999999999994,347.3,225.99999999999997,26.21,4.4,5.79,3.77
Tyrese Maxey,PHI,61,1549.7,246.80000000000004,358.49999999999994,215.00000000000006,25.4,4.05,5.88,3.52
Luka Doncic,LAL,48,1515.6000000000004,350.8999999999999,384.40000000000003,212.30000000000007,31.58,7.31,8.01,4.42
Shai Gilgeous-Alexander,OKC,52,1515.4999999999995,230.89999999999998,310.2999999999999,96.7,29.14,4.44,5.97,1.86
Jaylen Brown,BOS,57,1485.0000000000002,375.59999999999997,266.1,125.30000000000003,26.05,6.59,4.67,2.2
Anthony Edwards,MIN,53,1458.8,288.9000000000001,219.60000000000008,194.1,27.52,5.45,4.14,3.66
Jalen Brunson,NYK,59,1391.8999999999999,207.50000000000003,350.5999999999999,161.6,23.59,3.52,5.94,2.74
Kevin Durant,HOU,58,1331.6999999999998,285.6000000000001,235.60000000000008,142.7,22.96,4.92,4.06,2.46
Cade Cunningham,DET,55,1281.3,310,491.29999999999995,144.39999999999998,23.3,5.64,8.93,2.63
Jamal Murray,DEN,58,1277.1000000000001,253.50000000000006,393.3999999999999,170.10000000000002,22.02,4.37,6.78,2.93
Pascal Siakam,IND,56,1272.2,375.3999999999999,241.70000000000002,114.90000000000002,22.72,6.7,4.32,2.05
Nikola Jokic,DEN,46,1245.0000000000002,505.09999999999997,402.6000000000001,100.60000000000001,27.07,10.98,8.75,2.19
Desmond Bane,ORL,61,1218.5000000000002,306.09999999999997,273.6000000000001,160.4,19.98,5.02,4.49,2.63
Julius Randle,MIN,62,1216.3,390.8,343.8,108.49999999999999,19.62,6.3,5.55,1.75
Michael Porter Jr.,BKN,49,1192.4000000000005,361.1,185.39999999999998,203.19999999999996,24.33,7.37,3.78,4.15
Trey Murphy III,NOP,53,1182.8999999999999,335.7,221.7,215.20000000000005,22.32,6.33,4.18,4.06
Brandon Ingram,TOR,62,1153.1999999999998,318.2000000000001,257.00000000000006,106.29999999999997,18.6,5.13,4.15,1.71
Kawhi Leonard,LAC,47,1150.3999999999999,259.8999999999999,167,136.70000000000002,24.48,5.53,3.55,2.91
James Harden,LAC,53,1149.8,261,389.3,172.7,21.69,4.92,7.35,3.26
Norman Powell,MIA,55,1127,190.89999999999998,170.89999999999998,165.3,20.49,3.47,3.11,3.01
Paolo Banchero,ORL,51,1096.4999999999998,439.2,275.1000000000001,84.39999999999998,21.5,8.61,5.39,1.65
CJ McCollum,WAS,58,1093.4999999999998,251.70000000000002,240.5,199.90000000000003,18.85,4.34,4.15,3.45
Stephen Curry,GSW,43,1088.4000000000003,165.00000000000003,198.4,197.60000000000005,25.31,3.84,4.61,4.6
Jalen Johnson,ATL,57,1087.8000000000002,484.4,368.9999999999999,85.5,19.08,8.5,6.47,1.5
Kon Knueppel,CHA,64,1081.1000000000004,340.79999999999995,220.80000000000007,238.20000000000005,16.89,5.32,3.45,3.72
Victor Wembanyama,SAS,50,1067.4,475.7,156,83.1,21.35,9.51,3.12,1.66
DeMar DeRozan,SAC,63,1048.3999999999999,236.00000000000003,272.1000000000001,43.60000000000001,16.64,3.75,4.32,0.69
Devin Booker,PHX,48,1047,202.10000000000002,273.3000000000001,75.10000000000001,21.81,4.21,5.69,1.56
Deni Avdija,POR,51,1046.0999999999997,297.8,279.2,105.30000000000001,20.51,5.84,5.47,2.06
Karl-Anthony Towns,NYK,59,1045.6,588.2,173.3,115.50000000000001,17.72,9.97,2.94,1.96
Nickeil Alexander-Walker,ATL,60,1036.6000000000001,216.79999999999998,252.60000000000005,195.10000000000002,17.28,3.61,4.21,3.25
Shaedon Sharpe,POR,52,1007.9999999999999,223.10000000000005,145.7,125.9,19.38,4.29,2.8,2.42
Scottie Barnes,TOR,61,992.8999999999999,446.30000000000007,296.50000000000006,49.70000000000001,16.28,7.32,4.86,0.81
Keyonte George,UTA,52,989.7000000000003,171.3,257.20000000000005,115.39999999999999,19.03,3.29,4.95,2.22
Lauri Markkanen,UTA,43,988.8,255.3,110.39999999999998,127,23,5.94,2.57,2.95
Alperen Sengün,HOU,53,974.0000000000002,401.4,321.69999999999993,33.10000000000001,18.38,7.57,6.07,0.62
Ryan Rollins,MIL,59,971.8000000000001,306,325.4000000000001,186.30000000000004,16.47,5.19,5.52,3.16
Payton Pritchard,BOS,60,951.0999999999999,275.30000000000007,316.7,181.79999999999998,15.85,4.59,5.28,3.03
Zion Williamson,NOP,45,945.8,301.8,194.79999999999998,0.8,21.02,6.71,4.33,0.02
Dillon Brooks,PHX,52,935.5999999999997,189.10000000000002,105.09999999999998,150.80000000000007,17.99,3.64,2.02,2.9
Cooper Flagg,DAL,53,921.3000000000001,300.29999999999995,234.29999999999998,63.70000000000001,17.38,5.67,4.42,1.2
Saddiq Bey,NOP,53,908.9,323.8,196.10000000000002,128.70000000000002,17.15,6.11,3.7,2.43
LaMelo Ball,CHA,54,906.7000000000002,239.10000000000002,348.29999999999984,182.9,16.79,4.43,6.45,3.39
Miles Bridges,CHA,60,895.9,299.59999999999997,188.60000000000005,134.2,14.93,4.99,3.14,2.24
Giannis Antetokounmpo,MIL,32,893.1000000000001,345.20000000000005,198.59999999999997,22.899999999999995,27.91,10.79,6.21,0.72
Anthony Black,ORL,62,887.8000000000001,267.4,278.1,117.19999999999997,14.32,4.31,4.49,1.89
Brandon Miller,CHA,47,881.5000000000001,218.09999999999997,176.60000000000002,167.10000000000002,18.76,4.64,3.76,3.56
Immanuel Quickley,TOR,60,877.8000000000001,241.9,316.30000000000007,166.79999999999998,14.63,4.03,5.27,2.78
Bam Adebayo,MIA,56,872.4,456.3999999999999,178.20000000000002,92.59999999999998,15.58,8.15,3.18,1.65
Derrick White,BOS,59,868.6,267.6999999999999,324.89999999999986,160.80000000000007,14.72,4.54,5.51,2.73
Jalen Duren,DET,50,867.5000000000001,483.5999999999999,89.29999999999997,0,17.35,9.67,1.79,0
Jaden McDaniels,MIN,60,862.3999999999997,295.49999999999994,196.00000000000003,103.39999999999999,14.37,4.92,3.27,1.72
Chet Holmgren,OKC,53,861.8,434.1999999999999,107.49999999999997,79.79999999999998,16.26,8.19,2.03,1.51
Andrew Wiggins,MIA,59,855.1000000000003,292.2999999999999,171.40000000000003,135.99999999999997,14.49,4.95,2.91,2.31
Amen Thompson,HOU,58,851.7999999999997,365.8,287.1,23.799999999999997,14.69,6.31,4.95,0.41
Jerami Grant,POR,47,851.2,187.10000000000002,110.4,116.50000000000006,18.11,3.98,2.35,2.48
Jaren Jackson Jr.,MEM,49,847.9,262.09999999999997,98.80000000000001,95.49999999999999,17.3,5.35,2.02,1.95
VJ Edgecombe,PHI,57,845.8,330.79999999999995,231.20000000000002,137.4,14.84,5.8,4.06,2.41
Andrew Nembhard,IND,50,839.8999999999999,149.3,380.90000000000015,119.60000000000004,16.8,2.99,7.62,2.39
Mikal Bridges,NYK,63,830.8,259.09999999999997,254.19999999999996,123.20000000000002,13.19,4.11,4.03,1.96
Naji Marshall,DAL,61,830.7000000000002,298.5,187.50000000000006,60.000000000000014,13.62,4.89,3.07,0.98
Matas Buzelis,CHI,65,829.3000000000001,330.30000000000007,135.29999999999998,140.59999999999997,12.76,5.08,2.08,2.16
Zach LaVine,SAC,43,828.9000000000002,133.70000000000005,122.10000000000002,143.49999999999997,19.28,3.11,2.84,3.34
Onyeka Okongwu,ATL,58,825.4000000000002,419.5999999999998,193.30000000000004,124.70000000000002,14.23,7.23,3.33,2.15
Jabari Smith Jr.,HOU,59,811.8000000000001,364.1,108.80000000000001,159.79999999999993,13.76,6.17,1.84,2.71
Russell Westbrook,SAC,56,809.4000000000001,299.3000000000001,363.60000000000014,117.69999999999999,14.45,5.34,6.49,2.1
LeBron James,LAL,42,789.5,226.60000000000002,260.2,60.70000000000001,18.8,5.4,6.2,1.45
Jeremiah Fears,NOP,61,785.2000000000002,253.80000000000004,222.2,77.10000000000001,12.87,4.16,3.64,1.26
Evan Mobley,CLE,48,772.5999999999999,375.59999999999997,198.3000000000001,58.30000000000001,16.1,7.82,4.13,1.21
Jaime Jaquez Jr.,MIA,60,772.5000000000001,295.6,278.1,37.1,12.88,4.93,4.64,0.62
Jimmy Butler,GSW,40,768.0999999999999,231.00000000000003,206.70000000000002,34.60000000000001,19.2,5.78,5.17,0.87
Collin Gillespie,PHX,61,763.4000000000001,267.90000000000003,287.4,212.50000000000003,12.51,4.39,4.71,3.48
Naz Reid,MIN,61,747.8,365.5000000000001,150.20000000000002,152.09999999999997,12.26,5.99,2.46,2.49
Austin Reaves,LAL,36,742.5999999999998,162.5,168.70000000000002,79.90000000000002,20.63,4.51,4.69,2.22
Nikola Vucevic,CHI,59,741.4000000000001,451.8000000000001,202.09999999999997,86.2,12.57,7.66,3.43,1.46
Jarrett Allen,CLE,51,728,402.1000000000001,102.19999999999997,0.5,14.27,7.88,2,0.01
Donte DiVincenzo,MIN,63,725.2000000000002,288.3,289.6000000000001,213.90000000000003,11.51,4.58,4.6,3.4
Anfernee Simons,BOS,58,722.4999999999998,151.5,138.99999999999997,143.60000000000002,12.46,2.61,2.4,2.48
Toumani Camara,POR,61,717.6000000000001,313.1000000000001,167.90000000000003,184.3,11.76,5.13,2.75,3.02
Tim Hardaway Jr.,DEN,62,715.9000000000003,170.29999999999998,94.8,170.5,11.55,2.75,1.53,2.75
Stephon Castle,SAS,51,713.6000000000001,233.60000000000002,315.90000000000003,52,13.99,4.58,6.19,1.02
De'Aaron Fox,SAS,52,712.9,158.8,282.50000000000006,82.00000000000001,13.71,3.05,5.43,1.58
Reed Sheppard,HOU,61,711.6,159,186.10000000000005,183.89999999999998,11.67,2.61,3.05,3.01
Duncan Robinson,DET,59,708.1,205.49999999999994,150.7,214.40000000000003,12,3.48,2.55,3.63
OG Anunoby,NYK,48,705.8999999999999,259.40000000000003,95.09999999999998,110.99999999999997,14.71,5.4,1.98,2.31
Kyle Kuzma,MIL,57,699.2,295.99999999999994,163.70000000000002,73.60000000000001,12.27,5.19,2.87,1.29
Derik Queen,NOP,58,699.1,430.09999999999997,267.99999999999994,25.3,12.05,7.42,4.62,0.44
Josh Giddey,CHI,44,694.3999999999997,315.6,323.29999999999995,69.10000000000001,15.78,7.17,7.35,1.57
Nicolas Claxton,BKN,56,692.7000000000002,410.8,259.29999999999995,2.8000000000000003,12.37,7.34,4.63,0.05
Wendell Carter Jr.,ORL,60,691.2,482.29999999999995,167.89999999999995,74.2,11.52,8.04,2.8,1.24
Bobby Portis,MIL,59,690.5999999999999,373.30000000000007,100.70000000000002,119.69999999999999,11.71,6.33,1.71,2.03
Brice Sensabaugh,UTA,58,689.4999999999999,181.3,100.4,117.29999999999998,11.89,3.13,1.73,2.02
Myles Turner,MIL,56,682.1999999999999,315.99999999999994,107.29999999999998,148.10000000000002,12.18,5.64,1.92,2.64
Joel Embiid,PHI,34,681.7,207.70000000000002,121.3,38.4,20.05,6.11,3.57,1.13
Ayo Dosunmu,CHI,55,679.3000000000001,166.90000000000003,183.8,109.8,12.35,3.03,3.34,2
Noah Clowney,BKN,55,678.6,259.29999999999995,109.50000000000001,135.3,12.34,4.71,1.99,2.46
Bennedict Mathurin,IND,37,678.3,215.60000000000002,113.6,82.00000000000001,18.33,5.83,3.07,2.22
Brandin Podziemski,GSW,63,678.0999999999999,294.9000000000001,237.80000000000007,120.6,10.76,4.68,3.77,1.91
Kel'el Ware,MIA,61,675.1,528.7999999999998,35.3,62.20000000000001,11.07,8.67,0.58,1.02
Collin Sexton,CHA,55,666.1000000000001,128.60000000000002,182.20000000000002,90.1,12.11,2.34,3.31,1.64
Grayson Allen,PHX,41,664.4,124.4,183.80000000000004,161.00000000000003,16.2,3.03,4.48,3.93
Kyshawn George,WAS,49,658.8000000000002,243.90000000000003,214.49999999999994,110.89999999999999,13.44,4.98,4.38,2.26
Jarace Walker,IND,61,655.9,347.3,164.89999999999995,112.6,10.75,5.69,2.7,1.85
Alexandre Sarr,WAS,43,655.4000000000001,305.49999999999994,135.70000000000002,43.900000000000006,15.24,7.1,3.16,1.02
Keldon Johnson,SAS,63,653.7999999999998,306.40000000000003,75.6,63.1,10.38,4.86,1.2,1
Jaylen Wells,MEM,60,650.5999999999999,225.29999999999998,112.60000000000001,118.10000000000001,10.84,3.76,1.88,1.97
Deandre Ayton,LAL,55,645.4999999999998,455.70000000000005,62.39999999999999,0,11.74,8.29,1.13,0
Quentin Grimes,PHI,54,640.1000000000004,195.40000000000003,209.1,132.1,11.85,3.62,3.87,2.45
Franz Wagner,ORL,31,638.5000000000001,184.39999999999998,136.4,62.3,20.6,5.95,4.4,2.01
Donovan Clingan,POR,58,636,580.3,129.20000000000002,77.10000000000001,10.97,10.01,2.23,1.33
Peyton Watson,DEN,54,634.6,239.5,97.29999999999997,64.2,11.75,4.44,1.8,1.19
Jaylon Tyson,CLE,59,633.4,298.80000000000007,145.1,116.20000000000002,10.74,5.06,2.46,1.97
RJ Barrett,TOR,39,628.4,213.7,157.69999999999993,64.5,16.11,5.48,4.04,1.65
Julian Champagnie,SAS,63,621.5999999999999,299.59999999999985,95.4,171.39999999999998,9.87,4.76,1.51,2.72
Sandro Mamukelashvili,TOR,62,616.8,287.00000000000006,117.7,100.7,9.95,4.63,1.9,1.62
Max Christie,DAL,57,616.7000000000002,185.30000000000004,136.90000000000003,147.50000000000003,10.82,3.25,2.4,2.59
Devin Vassell,SAS,50,609.9000000000001,172.99999999999997,124.10000000000002,134.4,12.2,3.46,2.48,2.69
Rudy Gobert,MIN,60,606.6000000000001,581.2999999999998,123.09999999999998,0,10.11,9.69,2.05,0
Moses Moody,GSW,58,603.4000000000001,189.4,100.8,152.89999999999992,10.4,3.27,1.74,2.64
Cam Spencer,MEM,59,601.4000000000002,179.1,324.6,129.7,10.19,3.04,5.5,2.2
Dennis Schröder,SAC,53,598.6,174.9,271.2,79.40000000000002,11.29,3.3,5.12,1.5
P.J. Washington,DAL,46,592.0999999999999,282.6000000000001,91.9,68.30000000000001,12.87,6.14,2,1.48
John Collins,LAC,55,585.5,265.59999999999997,54.89999999999999,66.8,10.65,4.83,1,1.21
Cedric Coward,MEM,53,584,275.29999999999995,144.79999999999995,79.60000000000002,11.02,5.19,2.73,1.5
Malik Monk,SAC,49,574.8000000000001,92.6,149.99999999999997,134.4,11.73,1.89,3.06,2.74
Ace Bailey,UTA,54,573.1999999999999,208.90000000000003,89.30000000000001,81.20000000000002,10.61,3.87,1.65,1.5
Brandon Williams,DAL,50,573.1,143.6,224.20000000000002,33.00000000000001,11.46,2.87,4.48,0.66
Tre Johnson,WAS,48,571.4000000000001,169,122.3,113.4,11.9,3.52,2.55,2.36
Jock Landale,MEM,58,570.1,358.0999999999999,108.50000000000001,73.4,9.83,6.17,1.87,1.27
De'Andre Hunter,CLE,48,569.0000000000001,192.29999999999998,88.5,76.00000000000001,11.85,4.01,1.84,1.58
Dyson Daniels,ATL,60,566.8,349.09999999999997,337.99999999999994,10.800000000000002,9.45,5.82,5.63,0.18
Kevin Porter Jr.,MIL,36,562.3000000000002,158.50000000000003,234,47,15.62,4.4,6.5,1.31
Tobias Harris,DET,44,560.6,268.1,127.79999999999998,62.50000000000001,12.74,6.09,2.9,1.42
Klay Thompson,DAL,57,559.9000000000001,129.7,68.90000000000002,162.3,9.82,2.28,1.21,2.85
AJ Green,MIL,57,557.4000000000001,180.10000000000002,125.9,198.09999999999997,9.78,3.16,2.21,3.48
Maxime Raynaud,SAC,56,556.1,391.3999999999999,82,10.6,9.93,6.99,1.46,0.19
Kelly Oubre Jr.,PHI,40,555.5,203.10000000000002,87.49999999999999,89.90000000000002,13.89,5.08,2.19,2.25
Santi Aldama,MEM,48,554.1000000000001,267.3,114.60000000000004,76.4,11.54,5.57,2.39,1.59
Ivica Zubac,LAC,46,552.9000000000001,420,115.40000000000002,0,12.02,9.13,2.51,0
Mark Williams,PHX,54,550.0000000000001,401.19999999999993,50.3,1.9,10.19,7.43,0.93,0.04
Cam Thomas,BKN,34,548.5000000000001,95.60000000000001,125.19999999999999,58.00000000000001,16.13,2.81,3.68,1.71
Tristan Da Silva,ORL,57,548.1,254.60000000000002,104.5,116.5,9.62,4.47,1.83,2.04
Ausar Thompson,DET,57,547.1999999999998,346.79999999999995,187.10000000000002,9,9.6,6.08,3.28,0.16
Egor Demin,BKN,52,537.3999999999999,221.90000000000003,210.00000000000003,158.80000000000004,10.33,4.27,4.04,3.05
Royce O'Neale,PHX,62,535.0999999999998,303.0999999999999,185.7,175.4000000000001,8.63,4.89,3,2.83
Bub Carrington,WAS,61,531.4999999999999,246.4,279.5,133.1,8.71,4.04,4.58,2.18
Isaiah Joe,OKC,54,531.4,145.10000000000002,97.1,149.69999999999993,9.84,2.69,1.8,2.77
Neemias Queta,BOS,58,529.4000000000001,471.6999999999998,99.50000000000004,0,9.13,8.13,1.72,0
Jay Huff,IND,63,529.3999999999999,264.59999999999997,91.80000000000001,103.3,8.4,4.2,1.46,1.64
Rui Hachimura,LAL,52,524.2000000000003,178.10000000000002,43.1,102.29999999999998,10.08,3.43,0.83,1.97
Jrue Holiday,POR,34,521.8000000000001,190.9,235.20000000000002,88.3,15.35,5.61,6.92,2.6
Jake LaRavia,LAL,63,520.6000000000001,247.8,120.49999999999996,67.69999999999999,8.26,3.93,1.91,1.07
Ajay Mitchell,OKC,44,514.1,144.99999999999997,156.70000000000005,51.70000000000001,11.68,3.3,3.56,1.18
Kyle Filipowski,UTA,59,513.6000000000001,353.20000000000005,137.3,52.4,8.71,5.99,2.33,0.89
Isaiah Stewart,DET,52,512,273.6,67.80000000000001,49.300000000000004,9.85,5.26,1.3,0.95
Day'Ron Sharpe,BKN,59,507.9999999999999,398.2,179.9,7.9,8.61,6.75,3.05,0.13
Harrison Barnes,SAS,63,503.59999999999985,158.1,139.20000000000002,97.09999999999998,7.99,2.51,2.21,1.54
Sam Hauser,BOS,57,496,235.1,108.00000000000001,167.8,8.7,4.12,1.89,2.94
Cason Wallace,OKC,61,491.69999999999993,208.00000000000003,175.29999999999998,104.3,8.06,3.41,2.87,1.71
Sam Merrill,CLE,37,491.50000000000006,109.7,99.00000000000001,149.49999999999994,13.28,2.96,2.68,4.04
Josh Hart,NYK,48,484.00000000000006,347.2000000000001,227.60000000000005,56.9,10.08,7.23,4.74,1.19
Pelle Larsson,MIA,53,484.00000000000006,165.6,185.2,59.900000000000006,9.13,3.12,3.49,1.13
Isaiah Collier,UTA,50,482.70000000000005,138.39999999999998,309.8,22.599999999999998,9.65,2.77,6.2,0.45
Aaron Nesmith,IND,36,480.1000000000001,175.00000000000006,94.50000000000001,105.60000000000002,13.34,4.86,2.63,2.93
Ziaire Williams,BKN,43,477.79999999999995,146.10000000000002,50.400000000000006,104.7,11.11,3.4,1.17,2.43
Jordan Goodwin,PHX,57,476,268.2,143.49999999999997,99.79999999999998,8.35,4.71,2.52,1.75
Vít Krejčí,ATL,59,475.90000000000003,136.50000000000003,105.80000000000001,134.1,8.07,2.31,1.79,2.27
Tre Jones,CHI,47,475.60000000000014,140.90000000000003,259.7,18.9,10.12,3,5.53,0.4
Jalen Suggs,ORL,35,474.4,153,204.60000000000002,85.99999999999999,13.55,4.37,5.85,2.46
Precious Achiuwa,MIA,55,469.1000000000001,342.4000000000001,71.70000000000002,24.700000000000003,8.53,6.23,1.3,0.45
Jalen Smith,CHI,51,469.0000000000001,316.7,74.39999999999999,99.3,9.2,6.21,1.46,1.95
Jordan Poole,NOP,34,466.90000000000003,86.9,123.4,97.29999999999998,13.73,2.56,3.63,2.86
Zaccharie Risacher,ATL,50,463.2000000000002,197.00000000000003,85.9,82.6,9.26,3.94,1.72,1.65
Marvin Bagley III,WAS,48,462.4,313.70000000000005,79.69999999999997,12.5,9.63,6.54,1.66,0.26
Dylan Harper,SAS,51,462.3000000000001,151.2,162.20000000000002,35.400000000000006,9.06,2.96,3.18,0.69
Coby White,CHI,31,459.5,100.1,129.2,66.8,14.82,3.23,4.17,2.15
Caleb Love,POR,49,455.80000000000007,117.19999999999997,129,92.90000000000002,9.3,2.39,2.63,1.9
Simone Fontecchio,MIA,57,451.3999999999999,200.89999999999998,80.99999999999999,111.99999999999999,7.92,3.52,1.42,1.96
Gary Trent Jr.,MIL,53,448.80000000000007,59.99999999999999,83.30000000000001,128.50000000000006,8.47,1.13,1.57,2.42
Ron Holland II,DET,57,442.6000000000001,287.5,111.6,44.2,7.76,5.04,1.96,0.78
Luke Kennard,ATL,57,439.6000000000001,143.79999999999998,124.29999999999998,115.60000000000001,7.71,2.52,2.18,2.03
Davion Mitchell,MIA,51,437.5,142.2,340.99999999999994,71.79999999999998,8.58,2.79,6.69,1.41
Jordan Clarkson,NYK,57,436.20000000000005,117.30000000000003,92,55.00000000000001,7.65,2.06,1.61,0.96
Daniss Jenkins,DET,52,436.0999999999999,122.10000000000002,175.00000000000003,56.50000000000002,8.39,2.35,3.37,1.09
Kevin Huerter,CHI,51,429.1000000000001,174.89999999999995,126.60000000000001,76,8.41,3.43,2.48,1.49
Bruce Brown,DEN,63,426.7,254.00000000000006,140.5,41.4,6.77,4.03,2.23,0.66
Khris Middleton,WAS,42,426.5,200.99999999999997,157.7,55.4,10.15,4.79,3.75,1.32
Ryan Kalkbrenner,CHA,53,424.4,332.2,59.199999999999996,0,8.01,6.27,1.12,0
Aaron Gordon,DEN,26,424.29999999999995,150.2,50.3,53.2,16.32,5.78,1.93,2.05
Isaac Okoro,CHI,55,423.1000000000001,192.4,93.2,65.7,7.69,3.5,1.69,1.19
Corey Kispert,WAS,43,422.8999999999999,145.9,93.19999999999999,86.3,9.83,3.39,2.17,2.01
Javonte Green,DET,60,418.8000000000001,197.9,49.400000000000006,74.50000000000001,6.98,3.3,0.82,1.24
Moussa Diabate,CHA,57,418.7,428.19999999999993,89.50000000000001,0.6,7.35,7.51,1.57,0.01
Cameron Johnson,DEN,39,417.5999999999999,160.6,99.7,80.00000000000001,10.71,4.12,2.56,2.05
Kris Dunn,LAC,60,411.59999999999997,205.99999999999997,221.20000000000002,55.199999999999996,6.86,3.43,3.69,0.92
Jonas Valanciunas,DEN,51,411.5999999999999,258.90000000000003,75.7,8.399999999999999,8.07,5.08,1.48,0.16
Anthony Davis,DAL,24,407.4999999999999,201.20000000000002,60.800000000000004,8.1,16.98,8.38,2.53,0.34
Quinten Post,GSW,60,406.4,234.20000000000005,101.49999999999999,97.6,6.77,3.9,1.69,1.63
Miles McBride,NYK,40,404.5999999999999,116.89999999999999,111.10000000000002,109.99999999999999,10.11,2.92,2.78,2.75
Dominick Barlow,PHI,51,404.19999999999993,284.09999999999997,80.9,27.6,7.93,5.57,1.59,0.54
Luguentz Dort,OKC,51,401.3999999999999,193.69999999999993,69.2,112.39999999999998,7.87,3.8,1.36,2.2
Marcus Smart,LAL,50,401.2,143.10000000000002,136.60000000000002,68.20000000000002,8.02,2.86,2.73,1.36
GG Jackson II,MEM,38,400.7,174.10000000000002,52.199999999999996,54.40000000000001,10.54,4.58,1.37,1.43
Landry Shamet,NYK,37,400.49999999999994,84.5,76.39999999999999,109.19999999999999,10.82,2.28,2.06,2.95
Jamal Shead,TOR,64,400.1,128.5,320.1000000000001,81.49999999999999,6.25,2.01,5,1.27
Bones Hyland,MIN,53,397.7999999999999,116.2,156.2,94.1,7.51,2.19,2.95,1.78
Kentavious Caldwell-Pope,MEM,54,397.7,154.90000000000003,164.4,62.7,7.36,2.87,3.04,1.16
Darius Garland,CLE,26,393.59999999999997,73.4,155.40000000000003,48.8,15.14,2.82,5.98,1.88
Svi Mykhailiuk,UTA,51,390.5,116.00000000000001,109.19999999999997,101.5,7.66,2.27,2.14,1.99
Draymond Green,GSW,51,389.69999999999993,267.9,229.5,85.59999999999998,7.64,5.25,4.5,1.68
Nique Clifford,SAC,60,389.59999999999985,234.1000000000001,144.1,52.6,6.49,3.9,2.4,0.88
Patrick Williams,CHI,59,386,183.99999999999997,103.4,86.5,6.54,3.12,1.75,1.47
Danny Wolf,BKN,46,384.1,247.00000000000009,122.30000000000001,64.49999999999999,8.35,5.37,2.66,1.4
Jusuf Nurkic,UTA,44,383.69999999999993,376.59999999999997,170.4,21.900000000000002,8.72,8.56,3.87,0.5
Will Riley,WAS,52,382.29999999999995,158.59999999999997,100.49999999999999,40.800000000000004,7.35,3.05,1.93,0.78
Paul Reed,DET,44,381,262.9,97.5,21.7,8.66,5.98,2.22,0.49
Terance Mann,BKN,53,379.7999999999999,179.30000000000007,181.89999999999998,65.8,7.17,3.38,3.43,1.24
Will Richard,GSW,58,377.1000000000001,156.49999999999997,85.90000000000002,69.1,6.5,2.7,1.48,1.19
T.J. McConnell,IND,44,373.4,104.5,223.90000000000006,18.000000000000004,8.49,2.38,5.09,0.41
Buddy Hield,GSW,49,372.1,124.70000000000005,87.3,76.2,7.59,2.54,1.78,1.56
Bilal Coulibaly,WAS,38,370.99999999999994,166.40000000000003,122,45.10000000000001,9.76,4.38,3.21,1.19
Aaron Wiggins,OKC,49,368.90000000000003,157,82.3,66.50000000000001,7.53,3.2,1.68,1.36
Tari Eason,HOU,38,368.9,240.00000000000003,56.7,71.30000000000003,9.71,6.32,1.49,1.88
Ben Sheppard,IND,49,367.40000000000003,182.39999999999995,123.60000000000001,83.4,7.5,3.72,2.52,1.7
Nikola Jovic,MIA,45,363.8,182.00000000000006,138.70000000000002,63.800000000000004,8.08,4.04,3.08,1.42
Oso Ighodaro,PHX,62,362.30000000000007,295.50000000000006,149.69999999999996,0,5.84,4.77,2.41,0
Gradey Dick,TOR,62,361.69999999999993,140.39999999999998,45.2,55.80000000000001,5.83,2.26,0.73,0.9
Ja Morant,MEM,20,361.4,66.6,150.2,31.499999999999996,18.07,3.33,7.51,1.57
Paul George,PHI,27,359.6,123.4,95.6,73.39999999999999,13.32,4.57,3.54,2.72
Brook Lopez,LAC,52,356.3,166.29999999999998,53.199999999999996,88.30000000000003,6.85,3.2,1.02,1.7
Justin Champagnie,WAS,53,354.3,291.4,64.8,43.400000000000006,6.68,5.5,1.22,0.82
Isaiah Hartenstein,OKC,35,353,283.9,130.4,0.6,10.09,8.11,3.73,0.02
Domantas Sabonis,SAC,22,347.1,237.6,93.19999999999999,6.7,15.78,10.8,4.24,0.3
Jalen Williams,OKC,25,346.2,105.70000000000002,119.69999999999999,15.7,13.85,4.23,4.79,0.63
Herbert Jones,NOP,38,345,177.30000000000004,163.80000000000004,70.7,9.08,4.67,4.31,1.86
Caris LeVert,DET,42,337.40000000000003,98.89999999999998,144.29999999999998,62.6,8.03,2.35,3.44,1.49
Andre Drummond,PHI,45,336.70000000000005,410.69999999999993,71.69999999999999,32.9,7.48,9.13,1.59,0.73
Jaylin Williams,OKC,48,335.99999999999994,233.19999999999996,120.49999999999996,84.60000000000001,7,4.86,2.51,1.76
Luka Garza,BOS,52,335.2999999999999,203.30000000000007,47.8,44.6,6.45,3.91,0.92,0.86
Luke Kornet,SAS,53,335.2,312.00000000000006,101.30000000000003,0,6.32,5.89,1.91,0
Josh Okogie,HOU,57,333.2,169.60000000000002,63.60000000000001,65.9,5.85,2.98,1.12,1.16
Walter Clayton Jr.,UTA,54,326.8,128.4,183.99999999999997,48.80000000000002,6.05,2.38,3.41,0.9
Jaxson Hayes,LAL,53,326,216.10000000000005,42.10000000000001,1.2,6.15,4.08,0.79,0.02
Keon Ellis,SAC,55,325.00000000000006,91.7,53.3,76.80000000000001,5.91,1.67,0.97,1.4
Dean Wade,CLE,51,323.7,256.70000000000005,81.8,76.10000000000001,6.35,5.03,1.6,1.49
Dru Smith,MIA,62,323.4,177.70000000000007,164.59999999999997,44.70000000000002,5.22,2.87,2.65,0.72
Julian Strawther,DEN,39,321.6,129.89999999999998,57.800000000000004,51.20000000000001,8.25,3.33,1.48,1.31
Jose Alvarado,NOP,49,320.6999999999999,144.7,183.09999999999997,70.20000000000002,6.54,2.95,3.74,1.43
Kobe Sanders,LAC,48,316.50000000000006,120.6,102.6,64.3,6.59,2.51,2.14,1.34
Sion James,CHA,64,315.99999999999994,246.3,137.80000000000004,67.10000000000001,4.94,3.85,2.15,1.05
Jordan Miller,LAC,38,313.6,124.7,79.50000000000001,28.4,8.25,3.28,2.09,0.75
Ryan Dunn,PHX,55,311.8,238.19999999999996,88.99999999999999,46.6,5.67,4.33,1.62,0.85
Jaden Hardy,DAL,41,309.79999999999995,79.80000000000001,28.199999999999996,93.09999999999998,7.56,1.95,0.69,2.27
Sidy Cissoko,POR,57,309.0999999999999,156.89999999999998,108.20000000000003,55.800000000000004,5.42,2.75,1.9,0.98
Nolan Traoré,BKN,39,308.8999999999999,79.30000000000001,158.6,51.3,7.92,2.03,4.07,1.32
De'Anthony Melton,GSW,30,305.3,95.69999999999997,66.1,40.3,10.18,3.19,2.2,1.34
Cole Anthony,MIL,35,304.80000000000007,122.10000000000001,180.79999999999998,36.199999999999996,8.71,3.49,5.17,1.03
Drake Powell,BKN,50,302.99999999999994,106.00000000000003,83.49999999999999,42.30000000000001,6.06,2.12,1.67,0.85
Gui Santos,GSW,51,302.8999999999999,173.70000000000002,90.2,62.1,5.94,3.41,1.77,1.22
Pat Spencer,GSW,44,302.5,113.3,160,43.699999999999996,6.88,2.58,3.64,0.99
Tre Mann,CHA,40,302.09999999999997,110.29999999999997,107.50000000000001,55.800000000000004,7.55,2.76,2.69,1.4
Nae'Qwan Tomlin,CLE,51,299.2,166.00000000000003,42.300000000000004,27.6,5.87,3.25,0.83,0.54
Jonathan Kuminga,GSW,26,295.69999999999993,152,79.3,27.900000000000002,11.37,5.85,3.05,1.07
Tyrese Martin,BKN,42,295.5,113.00000000000003,76.3,63.4,7.04,2.69,1.82,1.51
Gary Payton II,GSW,58,294.3,164.79999999999998,82.69999999999999,35.2,5.07,2.84,1.43,0.61
Vince Williams Jr.,MEM,42,294.1,157.79999999999998,164.79999999999995,72.59999999999998,7,3.76,3.92,1.73
Keegan Murray,SAC,25,291.9,141.6,56.199999999999996,35.9,11.68,5.66,2.25,1.44
Jared McCain,PHI,42,290.1,99.5,69.8,72.50000000000001,6.91,2.37,1.66,1.73
Al Horford,GSW,40,289.40000000000003,170.79999999999995,124.5,71.10000000000002,7.24,4.27,3.11,1.78
Collin Murray-Boyles,TOR,50,288.50000000000006,215.1,88.80000000000003,13.399999999999999,5.77,4.3,1.78,0.27
Daniel Gafford,DAL,41,288.2,229.19999999999996,42.79999999999999,0,7.03,5.59,1.04,0
Tyler Herro,MIA,15,286.3,66.8,55.7,38.099999999999994,19.09,4.45,3.71,2.54
Goga Bitadze,ORL,47,284.29999999999995,271.1,44.39999999999999,5.9,6.05,5.77,0.94,0.13
Bryce McGowens,NOP,37,281.5,87.19999999999999,61.300000000000004,35.2,7.61,2.36,1.66,0.95
Mouhamed Gueye,ATL,59,280.7,225.2,87.10000000000001,40.199999999999996,4.76,3.82,1.48,0.68
Spencer Jones,DEN,54,280.2,173.30000000000004,53.40000000000001,65.60000000000001,5.19,3.21,0.99,1.21
Derrick Jones Jr.,LAC,28,279.3,101.69999999999999,48.8,36.800000000000004,9.98,3.63,1.74,1.31
Isaiah Jackson,IND,44,278.3999999999999,261.40000000000003,44.19999999999999,0,6.33,5.94,1,0
Kristaps Porzingis,ATL,21,275.3,98.69999999999999,48.20000000000001,41.5,13.11,4.7,2.3,1.98
Yves Missi,NOP,49,274.3999999999999,279.5,63.400000000000006,0,5.6,5.7,1.29,0
Karlo Matkovic,NOP,46,274,193.10000000000005,46.80000000000001,41.199999999999996,5.96,4.2,1.02,0.9
Jaden Ivey,DET,38,272.8,98.8,86.10000000000001,57.70000000000001,7.18,2.6,2.27,1.52
Tristan Vukcevic,WAS,38,272.3,121.2,50.699999999999996,27.099999999999998,7.17,3.19,1.33,0.71
Christian Braun,DEN,26,270.99999999999994,127.69999999999999,84.3,29.9,10.42,4.91,3.24,1.15
Ja'Kobe Walter,TOR,54,269.40000000000003,115.79999999999997,61.7,62.00000000000001,4.99,2.14,1.14,1.15
Rob Dillingham,MIN,45,268.90000000000003,85.10000000000001,156.30000000000004,27.299999999999997,5.98,1.89,3.47,0.61
Taylor Hendricks,UTA,42,265.09999999999997,160.69999999999996,45.800000000000004,44.80000000000001,6.31,3.83,1.09,1.07
Robert Williams III,POR,40,263.20000000000005,252.70000000000002,60.4,11.7,6.58,6.32,1.51,0.29
Quenton Jackson,IND,30,261.69999999999993,71.3,64.8,36.199999999999996,8.72,2.38,2.16,1.21
D'Angelo Russell,DAL,29,260.8,66.8,110.5,25.099999999999994,8.99,2.3,3.81,0.87
Jordan Walsh,BOS,53,260.4,200.49999999999997,40,36.1,4.91,3.78,0.75,0.68
Cody Williams,UTA,47,254.20000000000005,110.80000000000003,40.900000000000006,18.999999999999996,5.41,2.36,0.87,0.4
Craig Porter Jr.,CLE,56,252.7,190.39999999999998,168.7,39.10000000000001,4.51,3.4,3.01,0.7
Alex Caruso,OKC,41,252.2,94.99999999999997,93.5,47.90000000000001,6.15,2.32,2.28,1.17
Kris Murray,POR,42,251.99999999999997,147.60000000000002,57.39999999999999,22.6,6,3.51,1.37,0.54
Micah Potter,SAS,28,251.70000000000002,146.8,66.1,55.60000000000001,8.99,5.24,2.36,1.99
Jett Howard,ORL,39,248.70000000000002,86.39999999999999,46.8,56.7,6.38,2.22,1.2,1.45
Jakob Poeltl,TOR,25,243.89999999999998,184.29999999999998,64.3,0,9.76,7.37,2.57,0
Adem Bona,PHI,52,243.39999999999998,226.60000000000002,20.400000000000002,3.5999999999999996,4.68,4.36,0.39,0.07
Jaylen Clark,MIN,55,242.60000000000008,145.10000000000002,35.9,22.900000000000002,4.41,2.64,0.65,0.42
Tyler Kolek,NYK,52,242,83.69999999999999,141.99999999999997,30.400000000000006,4.65,1.61,2.73,0.58
Olivier-Maxence Prosper,MEM,32,241.70000000000005,137.6,53.199999999999996,22.599999999999994,7.55,4.3,1.66,0.71
Asa Newell,ATL,40,240.19999999999996,106.6,33.800000000000004,34.300000000000004,6,2.67,0.85,0.86
Mitchell Robinson,NYK,45,240.0999999999999,365.00000000000006,38.099999999999994,0,5.34,8.11,0.85,0
Nicolas Batum,LAC,57,235.6,176.10000000000002,61.900000000000006,87.10000000000002,4.13,3.09,1.09,1.53
Jase Richardson,ORL,44,235.5,77.5,74.49999999999999,42.9,5.35,1.76,1.69,0.98
Ochai Agbaji,TOR,52,234.39999999999995,153.00000000000003,53.9,25.7,4.51,2.94,1.04,0.49
Jalen Pickett,DEN,40,233.99999999999997,113.8,97.1,49.900000000000006,5.85,2.85,2.43,1.25
Baylor Scheierman,BOS,55,233.60000000000005,185.70000000000002,81.4,60,4.25,3.38,1.48,1.09
Jevon Carter,CHI,31,229.69999999999996,60.300000000000004,65.6,80.6,7.41,1.95,2.12,2.6
Nick Richards,PHX,38,224.90000000000006,199.29999999999998,15.599999999999998,2,5.92,5.24,0.41,0.05
Hugo González,BOS,57,222.30000000000004,199.20000000000002,37,32.199999999999996,3.9,3.49,0.65,0.56
Jarred Vanderbilt,LAL,54,222.09999999999997,246.60000000000002,68.09999999999998,21.999999999999996,4.11,4.57,1.26,0.41
Guerschon Yabusele,NYK,52,221.7,174.1,52.99999999999999,59.3,4.26,3.35,1.02,1.14
Ousmane Dieng,OKC,39,219.1,110.19999999999999,57.60000000000001,39.400000000000006,5.62,2.83,1.48,1.01
Drew Eubanks,SAC,40,213.59999999999997,122.60000000000004,26.6,1.4,5.34,3.07,0.67,0.03
Trendon Watford,PHI,35,212.40000000000006,131.8,103.8,8.7,6.07,3.77,2.97,0.25
Kevin Love,UTA,34,210.10000000000002,170.4,70.50000000000001,57.40000000000002,6.18,5.01,2.07,1.69
Tyrese Proctor,CLE,42,208.80000000000004,46.099999999999994,53.9,43.79999999999998,4.97,1.1,1.28,1.04
Micah Peavy,NOP,47,208.20000000000002,135.20000000000005,74.40000000000002,27.3,4.43,2.88,1.58,0.58
Gabe Vincent,LAL,37,207.30000000000004,36.8,87.7,53.8,5.6,0.99,2.37,1.45
Kenrich Williams,OKC,39,207.1,108.6,65.2,34.2,5.31,2.78,1.67,0.88
Javon Small,MEM,25,205.60000000000002,76.4,105.1,51,8.22,3.06,4.2,2.04
Justin Edwards,PHI,41,205.2,106.30000000000001,73.3,50.49999999999999,5,2.59,1.79,1.23
Tidjane Salaun,CHA,40,205.00000000000003,174.09999999999997,37.7,39.6,5.13,4.35,0.94,0.99
Jalen Wilson,BKN,39,204.79999999999998,85,21.500000000000004,45.5,5.25,2.18,0.55,1.17
Dalton Knecht,LAL,45,204.70000000000007,87.00000000000001,19.1,40.5,4.55,1.93,0.42,0.9
Ryan Nembhard,DAL,42,203.4,61.900000000000006,174.80000000000007,30.500000000000004,4.84,1.47,4.16,0.73
Aaron Holiday,HOU,38,201.00000000000003,50.5,40.099999999999994,40.30000000000001,5.29,1.33,1.06,1.06
Jabari Walker,PHI,54,200.6,169.20000000000005,29.7,22.7,3.71,3.13,0.55,0.42
Noah Penda,ORL,43,200.5,155.89999999999998,53.4,29.9,4.66,3.63,1.24,0.7
Jordan Hawkins,NOP,40,200.4,76.00000000000001,42.1,51.2,5.01,1.9,1.05,1.28
Johnny Furphy,IND,36,195.00000000000003,172.79999999999998,58.199999999999996,25.199999999999996,5.42,4.8,1.62,0.7
Steven Adams,HOU,34,192.8,255.2,58.499999999999986,0,5.67,7.51,1.72,0
Cam Whitmore,WAS,23,190.7,73.6,15.1,24.200000000000003,8.29,3.2,0.66,1.05
Trayce Jackson-Davis,GSW,40,189.00000000000003,134.8,39.199999999999996,1.1,4.73,3.37,0.98,0.03
Jonathan Isaac,ORL,49,188.3,192.59999999999997,24.3,9.8,3.84,3.93,0.5,0.2
Mike Conley,MIN,48,187.50000000000006,95.50000000000001,137.70000000000002,45.400000000000006,3.91,1.99,2.87,0.95
Jamir Watkins,WAS,28,185.29999999999998,121.7,25,32.400000000000006,6.62,4.35,0.89,1.16
Tyus Jones,ORL,59,183.20000000000007,87.19999999999997,180,34.00000000000001,3.11,1.48,3.05,0.58
Josh Green,CHA,36,180.5,92.1,40.4,43.099999999999994,5.01,2.56,1.12,1.2
Branden Carlson,OKC,36,179.3,107.7,26,23.3,4.98,2.99,0.72,0.65
Kobe Brown,LAC,39,178.2,115.1,29.8,35.1,4.57,2.95,0.76,0.9
Thomas Bryant,CLE,42,177.79999999999998,118.7,18.900000000000002,19.1,4.23,2.83,0.45,0.45
Clint Capela,HOU,52,177.4,214.70000000000007,38.300000000000004,0,3.41,4.13,0.74,0
Kasparas Jakucionis,MIA,32,177,84.19999999999999,70.5,44.099999999999994,5.53,2.63,2.2,1.38
Josh Minott,BOS,36,173.29999999999998,112.99999999999997,43.4,29.400000000000002,4.81,3.14,1.21,0.82
Jericho Sims,MIL,45,172.7,208.89999999999995,63.59999999999999,0,3.84,4.64,1.41,0
Rayan Rupert,POR,50,172.7,134.39999999999998,41.00000000000001,34.4,3.45,2.69,0.82,0.69
Pete Nance,MIL,26,171.20000000000002,72.8,21.699999999999996,41.900000000000006,6.58,2.8,0.83,1.61
Yanic Konan Niederhauser,LAC,34,171,120.49999999999999,15.299999999999999,2.9,5.03,3.54,0.45,0.09
Moritz Wagner,ORL,17,169.9,71,27,22.499999999999996,9.99,4.18,1.59,1.32
Tony Bradley,IND,39,169.19999999999996,129.6,28.2,0.6,4.34,3.32,0.72,0.02
Dylan Cardwell,SAC,32,165.3,214.20000000000002,31.5,0,5.17,6.69,0.98,0
Grant Williams,CHA,18,165.2,103.29999999999998,60.1,40.199999999999996,9.18,5.74,3.34,2.23
Trae Young,ATL,13,162.7,24.600000000000005,90.6,15.400000000000002,12.52,1.89,6.97,1.18
Jalen Green,PHX,12,160.8,49.1,31.599999999999998,25.4,13.4,4.09,2.63,2.12
Jamaree Bouyea,MIL,35,159.20000000000002,66.8,56.9,13.5,4.55,1.91,1.63,0.39
Keaton Wallace,ATL,44,154.29999999999998,46.80000000000001,101.30000000000003,37.4,3.51,1.06,2.3,0.85
Joan Beringer,MIN,29,154.1,105.9,6.9,0,5.31,3.65,0.24,0
Lonzo Ball,CLE,38,151.79999999999995,148,154.20000000000002,42.6,3.99,3.89,4.06,1.12
Bogdan Bogdanovic,LAC,18,151.50000000000003,61.599999999999994,72.50000000000001,36.2,8.42,3.42,4.03,2.01
Nick Smith Jr.,LAL,30,149.3,25.5,30.500000000000004,31.599999999999998,4.98,0.85,1.02,1.05
Zeke Nnaji,DEN,42,148.9,112.99999999999999,29.1,8.7,3.55,2.69,0.69,0.21
Devin Carter,SAC,25,148.6,75.9,76.19999999999999,9.7,5.94,3.04,3.05,0.39
Caleb Martin,DAL,49,146.8,112.89999999999999,81.50000000000001,14.8,3,2.3,1.66,0.3
Ty Jerome,MEM,10,145.5,41.7,44.80000000000001,21,14.55,4.17,4.48,2.1
Carter Bryant,SAS,49,144.79999999999998,105.79999999999998,21.5,28.099999999999994,2.96,2.16,0.44,0.57
Moussa Cisse,DAL,33,139.2,163.3,10.6,0,4.22,4.95,0.32,0
Amir Coffey,MIL,37,138.29999999999998,52.49999999999999,38.49999999999999,14.800000000000002,3.74,1.42,1.04,0.4
Cam Christie,LAC,36,138,55.60000000000001,20.4,12,3.83,1.54,0.57,0.33
Mohamed Diawara,NYK,39,135.90000000000003,67.1,22.2,26.1,3.48,1.72,0.57,0.67
Kyle Anderson,UTA,25,135,64.5,54.89999999999999,5.5,5.4,2.58,2.2,0.22
Anthony Gill,WAS,29,134,95.8,46.19999999999999,11,4.62,3.3,1.59,0.38
Myron Gardner,MIA,28,133.9,97.50000000000001,31.200000000000003,22,4.78,3.48,1.11,0.79
Terrence Shannon Jr.,MIN,29,132.7,59.2,41.6,17.6,4.58,2.04,1.43,0.61
Dalen Terry,CHI,37,131.6,94.49999999999999,68.79999999999998,21.8,3.56,2.55,1.86,0.59
Dwight Powell,DAL,42,131.20000000000002,165.79999999999995,39.699999999999996,0,3.12,3.95,0.95,0
Blake Wesley,POR,19,131.1,46.900000000000006,78.6,7.499999999999999,6.9,2.47,4.14,0.39
Sharife Cooper,WAS,18,130.5,58.89999999999999,57.39999999999999,15.9,7.25,3.27,3.19,0.88
Jamison Battle,TOR,43,127.69999999999997,68.09999999999998,12.899999999999999,29.3,2.97,1.58,0.3,0.68
Ethan Thompson,MIA,25,124.10000000000004,46.6,48,22.4,4.96,1.86,1.92,0.9
Jeremy Sochan,SAS,28,123.70000000000003,85.2,50.5,13.4,4.42,3.04,1.8,0.48
Liam McNeeley,CHA,31,123.1,61.80000000000001,31.500000000000004,22.3,3.97,1.99,1.02,0.72
Ben Saraf,BKN,25,120.90000000000002,41.099999999999994,83.60000000000001,13.499999999999998,4.84,1.64,3.34,0.54
John Konchar,MEM,41,120.3,148.60000000000002,68.6,13.899999999999999,2.93,3.62,1.67,0.34
Yang Hansen,POR,34,119.89999999999999,79.19999999999999,27.099999999999998,12.499999999999998,3.53,2.33,0.8,0.37
Jeremiah Robinson-Earl,DAL,25,119.19999999999997,128.3,20.8,11.3,4.77,5.13,0.83,0.45
Gary Harris,MIL,40,118.1,61.3,57.7,26.299999999999997,2.95,1.53,1.44,0.66
Ariel Hukporti,NYK,39,117.40000000000002,138.89999999999998,21.599999999999998,2.3,3.01,3.56,0.55,0.06
Taelon Peter,IND,23,116.7,55.300000000000004,47.5,37.50000000000001,5.07,2.4,2.07,1.63
Leonard Miller,MIN,21,116.7,62.49999999999999,27.5,9.899999999999999,5.56,2.98,1.31,0.47
Keshad Johnson,MIA,26,114.7,89.7,20.5,12.6,4.41,3.45,0.79,0.48
Julian Phillips,CHI,37,113.6,60.800000000000004,11.6,16.599999999999998,3.07,1.64,0.31,0.45
Scoot Henderson,POR,7,112,44.1,56.400000000000006,14.900000000000002,16,6.3,8.06,2.13
Malaki Branham,WAS,26,111.5,50.300000000000004,30.6,9.700000000000001,4.29,1.93,1.18,0.37
Daeqwon Plowden,SAC,15,111.39999999999999,50.599999999999994,9.8,26.4,7.43,3.37,0.65,1.76
Zach Edey,MEM,11,108.40000000000002,95.8,13.299999999999999,1.4,9.85,8.71,1.21,0.13
Larry Nance Jr.,CLE,30,107.6,109.2,34.4,16.5,3.59,3.64,1.15,0.55
Pat Connaughton,CHA,26,105.1,58.39999999999999,23.3,18.000000000000004,4.04,2.25,0.9,0.69
PJ Hall,MEM,20,105.09999999999998,102.3,13.2,5.899999999999999,5.25,5.12,0.66,0.29
Garrison Mathews,NYK,18,103.3,25,22.2,31.8,5.74,1.39,1.23,1.77
KJ Simpson,CHA,21,103.19999999999999,39.900000000000006,55.89999999999999,16.599999999999998,4.91,1.9,2.66,0.79
Chaz Lanier,DET,20,102.5,29.799999999999997,34,34.300000000000004,5.13,1.49,1.7,1.72
AJ Johnson,WAS,26,101.7,42.3,32.3,11,3.91,1.63,1.24,0.42
Chris Youngblood,OKC,32,101.09999999999998,41.8,9.899999999999999,24.599999999999998,3.16,1.31,0.31,0.77
Kam Jones,IND,18,100.80000000000001,40.699999999999996,57.699999999999996,16.1,5.6,2.26,3.21,0.89
Johnny Juzang,MIN,19,96.5,46.400000000000006,8.3,18.299999999999997,5.08,2.44,0.44,0.96
Zach Collins,CHI,15,95.79999999999998,59.4,19.9,7.5,6.39,3.96,1.33,0.5
Rasheer Fleming,PHX,30,95.3,64.4,9.8,25.5,3.18,2.15,0.33,0.85
DaRon Holmes II,DEN,17,94.50000000000001,48.5,17.9,23.1,5.56,2.85,1.05,1.36
JD Davison,HOU,26,93.7,31.9,39.3,18.6,3.6,1.23,1.51,0.72
Dorian Finney-Smith,HOU,24,91.3,76.59999999999998,17.4,23.2,3.8,3.19,0.73,0.97
Marcus Sasser,DET,18,91,17.400000000000002,44.6,20.6,5.06,0.97,2.48,1.14
Scotty Pippen Jr.,MEM,6,90.89999999999999,20.4,52.50000000000001,11.299999999999999,15.15,3.4,8.75,1.88
Walker Kessler,UTA,6,89.7,56.7,30.100000000000005,9,14.95,9.45,5.02,1.5
Duop Reath,POR,29,88.6,36.5,8.899999999999999,22.099999999999994,3.06,1.26,0.31,0.76
Christian Koloko,LAL,27,87.60000000000001,90.29999999999998,17.900000000000002,3,3.24,3.34,0.66,0.11
Jeff Green,HOU,21,82.2,26.900000000000002,13.2,24.299999999999997,3.91,1.28,0.63,1.16
Jae'Sean Tate,HOU,29,81.69999999999999,54.5,26.2,8.899999999999999,2.82,1.88,0.9,0.31
Khaman Maluach,PHX,22,78.40000000000002,64.30000000000001,6.5,4.3,3.56,2.92,0.3,0.2
Kelly Olynyk,SAS,29,78,43.79999999999999,26.199999999999992,10.2,2.69,1.51,0.9,0.35
Jahmai Mashack,MEM,12,75,30.1,17.3,11.399999999999999,6.25,2.51,1.44,0.95
Brooks Barnhizer,OKC,32,73.2,84.30000000000001,21.5,5.4,2.29,2.63,0.67,0.17
Bronny James Jr.,LAL,28,72.7,29.000000000000004,36.4,11.4,2.6,1.04,1.3,0.41
RayJ Dennis,IND,19,72.5,28.799999999999997,31.9,11.7,3.82,1.52,1.68,0.62
Bradley Beal,LAC,7,70.69999999999999,8.299999999999999,15,9,10.1,1.19,2.14,1.29
Jamal Cain,ORL,20,70,24.300000000000004,8.2,3.5999999999999996,3.5,1.22,0.41,0.18
Ron Harper Jr.,BOS,16,67.7,34.5,18.2,17.2,4.23,2.16,1.14,1.08
Taurean Prince,MIL,12,66,24.9,14,19.2,5.5,2.07,1.17,1.6
Alondes Williams,WAS,5,65.60000000000001,40.4,29.099999999999998,11.7,13.12,8.08,5.82,2.34
Lindy Waters III,SAS,26,64.7,13.599999999999998,11.3,19.200000000000003,2.49,0.52,0.43,0.74
Jahmir Young,MIA,11,63.4,13.8,25.400000000000002,10.399999999999999,5.76,1.25,2.31,0.95
Matisse Thybulle,POR,8,62.2,29,6.8999999999999995,15,7.78,3.63,0.86,1.88
A.J. Lawson,TOR,14,60.599999999999994,20.399999999999995,2.9,9.1,4.33,1.46,0.21,0.65
Chris Boucher,BOS,13,59.2,44.300000000000004,5.3,4.5,4.55,3.41,0.41,0.35
Andre Jackson Jr.,MIL,27,58.8,52.900000000000006,38.4,4.8,2.18,1.96,1.42,0.18
Obi Toppin,IND,8,58.5,30.5,13.5,3.6000000000000005,7.31,3.81,1.69,0.45
Isaiah Livers,PHX,32,56.4,59.699999999999996,19.099999999999998,9.799999999999999,1.76,1.87,0.6,0.31
Jared Butler,PHX,4,54.2,11.7,12.7,3.3,13.55,2.93,3.18,0.83
Kennedy Chandler,PHI,4,53.7,11.299999999999999,24.799999999999997,2.1,13.43,2.83,6.2,0.53
David Jones,SAS,13,53.69999999999999,19.8,23.2,1.5999999999999999,4.13,1.52,1.78,0.12
Kevin McCullar Jr.,NYK,14,52.79999999999999,36.7,20.5,9.5,3.77,2.62,1.46,0.68
Jonathan Mogbo,TOR,24,52.300000000000004,59.699999999999996,8.8,0,2.18,2.49,0.37,0
Jordan McLaughlin,SAS,25,51.99999999999999,16.700000000000003,21.3,10.3,2.08,0.67,0.85,0.41
Drew Timme,BKN,14,51.699999999999996,26.1,10.2,6.199999999999999,3.69,1.86,0.73,0.44
Dereck Lively II,DAL,11,51.400000000000006,57.900000000000006,22.9,0,4.67,5.26,2.08,0
Doug McDermott,SAC,11,50.599999999999994,10.7,5.6000000000000005,18.9,4.6,0.97,0.51,1.72
Kevon Looney,NOP,17,50.1,85.99999999999999,22.3,2.7,2.95,5.06,1.31,0.16
Malevy Leons,OKC,12,49.800000000000004,40.8,6.6000000000000005,7.3,4.15,3.4,0.55,0.61
Hunter Tyson,DEN,23,49,53,23.1,11.2,2.13,2.3,1,0.49
Chris Paul,LAC,18,48.6,36.300000000000004,49.6,10.8,2.7,2.02,2.76,0.6
Cameron Payne,IND,8,48.599999999999994,15.1,30.099999999999998,12.9,6.07,1.89,3.76,1.61
Elijah Harkless,UTA,13,47.3,14.9,29.9,0.9000000000000001,3.64,1.15,2.3,0.07
Tolu Smith,DET,10,47,48.6,14.799999999999997,0,4.7,4.86,1.48,0
Caleb Houstan,ATL,11,46.099999999999994,11.8,5.9,12.9,4.19,1.07,0.54,1.17
Maxi Kleber,LAL,30,45.8,49.3,19.2,5.8,1.53,1.64,0.64,0.19
Lachlan Olbrich,CHI,18,44.3,54.4,11.900000000000002,3.4,2.46,3.02,0.66,0.19
Thanasis Antetokounmpo,MIL,21,44.2,28,6.199999999999999,0,2.1,1.33,0.3,0
Jacob Toppin,ATL,8,44.1,6,4.5,0.7,5.51,0.75,0.56,0.09
Kadary Richmond,WAS,4,42.9,22.200000000000003,16.5,3.5,10.73,5.55,4.13,0.88
Isaiah Crawford,HOU,9,42.4,19.7,10.2,12.8,4.71,2.19,1.13,1.42
Nigel Hayes-Davis,PHX,25,41.3,51.6,10,6.5,1.65,2.06,0.4,0.26
Miles Kelly,DAL,14,40.2,27.900000000000006,9.399999999999999,9.000000000000002,2.87,1.99,0.67,0.64
Johni Broome,PHI,10,40.099999999999994,29.000000000000007,1.8,0,4.01,2.9,0.18,0
Dario Saric,SAC,8,39.2,19.5,5.199999999999999,9.6,4.9,2.44,0.65,1.2
Pacome Dadiet,NYK,18,38.5,20.3,11,4,2.14,1.13,0.61,0.22
Dejounte Murray,NOP,2,38.1,8.9,16.4,5.7,19.05,4.45,8.2,2.85
Trey Jemison,NYK,13,37.7,37.300000000000004,8.8,0,2.9,2.87,0.68,0
Malcolm Hill,PHI,4,37.300000000000004,3.8,3.4,9.8,9.33,0.95,0.85,2.45
Amari Williams,BOS,15,37.3,32.800000000000004,10.4,0,2.49,2.19,0.69,0
Javonte Cooke,POR,17,37,25.2,6.9,4.699999999999999,2.18,1.48,0.41,0.28
Luke Travers,CLE,16,36.5,28.099999999999998,5.8999999999999995,1.7999999999999998,2.28,1.76,0.37,0.11
Mason Plumlee,CHA,17,35.4,43.9,19.5,0,2.08,2.58,1.15,0
RJ Davis,LAL,5,35.1,3.5000000000000004,1.1,3.5000000000000004,7.02,0.7,0.22,0.7
Monte Morris,IND,6,34.00000000000001,13.100000000000001,12.5,3,5.67,2.18,2.08,0.5
Bobi Klintman,DET,11,33,24.9,6.3,7.699999999999999,3,2.26,0.57,0.7
Alijah Martin,TOR,13,32,14,6.8999999999999995,3.1,2.46,1.08,0.53,0.24
Jazian Gortman,OKC,4,30.9,4.1,6.1000000000000005,1.8000000000000003,7.73,1.02,1.53,0.45
Nikola Topic,OKC,6,30.700000000000003,15.8,20.599999999999998,2.4000000000000004,5.12,2.63,3.43,0.4
Orlando Robinson,ORL,7,30.2,15.600000000000001,7.6,3.5,4.31,2.23,1.09,0.5
Curtis Jones,DEN,10,30,11.2,19.8,5,3,1.12,1.98,0.5
Stanley Umude,SAS,6,28.500000000000004,6.6,3.5,2.5,4.75,1.1,0.58,0.42
Mark Sears,MIL,10,28.400000000000002,3.8,5.6,6.699999999999999,2.84,0.38,0.56,0.67
Xavier Tillman Sr.,BOS,20,27.900000000000002,38.39999999999999,8.4,3.5000000000000004,1.4,1.92,0.42,0.18
DeAndre Jordan,NOP,5,27.5,41.2,1.5,0,5.5,8.24,0.3,0
Hunter Dickinson,NOP,3,26.5,16.7,9.2,0,8.83,5.57,3.07,0
Lester Quinones,ORL,4,26.4,8.8,5.2,2.9,6.6,2.2,1.3,0.73
Blake Hinson,UTA,3,26.200000000000003,6.9,2.9,6.2,8.73,2.3,0.97,2.07
Yuki Kawamura,CHI,6,26,25.700000000000003,25.1,3.4999999999999996,4.33,4.28,4.18,0.58
Isaac Jones,SAC,8,25.9,12,5.300000000000001,0.5,3.24,1.5,0.66,0.06
Kevon Harris,HOU,3,25.6,14.8,1.2000000000000002,5.8,8.53,4.93,0.4,1.93
Rocco Zikarsky,MIN,5,25.4,22.5,2.9000000000000004,1.4,5.08,4.5,0.58,0.28
Hunter Sallis,PHI,7,25.3,11.9,7.000000000000001,0,3.61,1.7,1,0
Harrison Ingram,SAS,8,23.900000000000002,11.4,4.8,2.9,2.99,1.43,0.6,0.36
Chucky Hepburn,TOR,7,23.3,3.7,13.899999999999999,5.199999999999999,3.33,0.53,1.99,0.74
Antonio Reeves,CHA,8,22.800000000000004,3.6000000000000005,0.2,6.5,2.85,0.45,0.03,0.81
Kobe Bufkin,BKN,7,22.8,6.699999999999999,1.8,2.8,3.26,0.96,0.26,0.4
James Wiseman,IND,8,22.4,12.299999999999999,2.1,0,2.8,1.54,0.26,0
Malcolm Brogdon,NYK,4,22.3,13.299999999999999,8.7,2.7,5.58,3.33,2.17,0.68
Oscar Tshiebwe,UTA,6,21.8,29.799999999999997,3.7,0,3.63,4.97,0.62,0
EJ Liddell,BKN,9,21.299999999999997,11,0,3.3,2.37,1.22,0,0.37
Emanuel Miller,CHI,9,20.099999999999998,7.199999999999999,0.4,1.8,2.23,0.8,0.04,0.2
Killian Hayes,CLE,6,18.6,10.5,27,3.7,3.1,1.75,4.5,0.62
Enrique Freeman,MIN,5,18.5,13.5,0,6.300000000000001,3.7,2.7,0,1.26
Trevor Keels,MIA,3,18.4,5.8,6.4,4.7,6.13,1.93,2.13,1.57
Kyle Lowry,PHI,7,18.4,5.4,11.600000000000001,3.6,2.63,0.77,1.66,0.51
Wendell Moore Jr.,BOS,7,18.3,12.8,8.2,0,2.61,1.83,1.17,0
TyTy Washington Jr.,LAC,6,17.9,2.1999999999999997,13.200000000000001,2.1999999999999997,2.98,0.37,2.2,0.37
Adou Thiero,LAL,11,17.9,11.9,3.7,0,1.63,1.08,0.34,0
Tristan Enaruna,CLE,6,17.799999999999997,9.8,2.2,0,2.97,1.63,0.37,0
Alex Morales,ORL,2,16.900000000000002,15.1,7.6,3.4,8.45,7.55,3.8,1.7
Reece Beekman,ORL,3,16.9,2.6,10.5,0,5.63,0.87,3.5,0
Koby Brea,PHX,6,16.9,2.3,6.199999999999999,3.7,2.82,0.38,1.03,0.62
Tyson Etienne,BKN,9,16.4,0,0.6,5.5,1.82,0,0.07,0.61
Colby Jones,DET,3,16.4,7.5,1.1,6.3999999999999995,5.47,2.5,0.37,2.13
Lawson Lovering,MEM,4,16.2,16.6,5.300000000000001,0,4.05,4.15,1.33,0
MarJon Beauchamp,PHI,1,16,10.3,10.3,2.6,16,10.3,10.3,2.6
Skal Labissiere,WAS,3,15.9,15.3,5.3,1.5,5.3,5.1,1.77,0.5
Zack Austin,OKC,4,15.7,5.799999999999999,0,2.6,3.93,1.45,0,0.65
Eric Gordon,PHI,7,15.399999999999999,0.4,4,2.8,2.2,0.06,0.57,0.4
Tosan Evbuomwan,NYK,6,14.999999999999998,6.7,7.5,3.4,2.5,1.12,1.25,0.57
Colin Castleton,ORL,2,14.9,11,0,0,7.45,5.5,0,0
Vladislav Goldin,MIA,4,14.8,3.3,1.5,0,3.7,0.83,0.38,0
N'Faly Dante,ATL,7,14.8,34.5,0.9,0,2.11,4.93,0.13,0
Jules Bernard,MIN,4,14.600000000000001,3.8,3,1.5999999999999999,3.65,0.95,0.75,0.4
L.J. Cryer,GSW,7,14.399999999999999,8,6.7,3.8000000000000003,2.06,1.14,0.96,0.54
Chris Livingston,MIL,3,14.1,3.8,1.1,0,4.7,1.27,0.37,0
Moses Brown,DEN,2,13.700000000000001,11.2,0,0,6.85,5.6,0,0
Mo Bamba,UTA,2,13.6,8.6,5.8,2.9,6.8,4.3,2.9,1.45
Isaiah Stevens,SAC,4,13.4,4,10.9,0.4,3.35,1,2.73,0.1
Brice Williams,DET,4,13,1.2,0.8,2.9,3.25,0.3,0.2,0.73
Nate Williams,LAL,5,12.3,10.6,0.7,2.2,2.46,2.12,0.14,0.44
Tristen Newton,MIN,4,12.299999999999999,3.1,5.3,0.8,3.08,0.78,1.33,0.2
Riley Minix,SAS,7,12.299999999999999,10.1,5.5,2.3,1.76,1.44,0.79,0.33
Noa Essengue,CHI,7,12.2,3.2,5.1,0.2,1.74,0.46,0.73,0.03
Dain Dainja,MIA,2,12,4,0,0,6,2,0,0
Christian Shumate,NOP,1,11.5,2.9,0,0,11.5,2.9,0,0
Drew Peterson,CHA,9,11.4,15.3,6.1,1.4,1.27,1.7,0.68,0.16
Garrett Temple,TOR,11,11.3,4.1,4.199999999999999,2.8,1.03,0.37,0.38,0.25
Alex Len,NYK,2,11.1,4.5,0.4,0,5.55,2.25,0.2,0
Lamont Butler,ATL,1,10.9,2.2,1.8,1.1,10.9,2.2,1.8,1.1
Jahmyl Telfort,LAC,9,10.7,5.199999999999999,0.2,1.4,1.19,0.58,0.02,0.16
Joe Ingles,MIN,14,10.500000000000002,7,28.299999999999997,2.7,0.75,0.5,2.02,0.19
Trey Alexander,NOP,5,10.5,1.3,2.1,0.7,2.1,0.26,0.42,0.14
Seth Curry,GSW,2,10.1,2.1,1.6,1,5.05,1.05,0.8,0.5
Zyon Pullin,MIN,3,10,4,5.9,1.4,3.33,1.33,1.97,0.47
Gabe McGlothan,IND,4,9.8,5.5,3.1,2,2.45,1.38,0.78,0.5
Leaky Black,WAS,1,9.8,11,0,0,9.8,11,0,0
Cody Martin,IND,4,9.7,19.099999999999998,3,0,2.42,4.77,0.75,0
Nikola Đurišić,ATL,2,9.3,1.1,1.5,1.2000000000000002,4.65,0.55,0.75,0.6
Matt Ryan,NYK,3,9.2,4.5,5.2,2.4,3.07,1.5,1.73,0.8
Bismack Biyombo,SAS,14,8.7,14.3,4.4,0,0.62,1.02,0.31,0
Jason Preston,LAC,3,8.1,4.8,4.199999999999999,0,2.7,1.6,1.4,0
Olivier Sarr,TOR,4,8,6,1.8,0,2,1.5,0.45,0
Patrick Baldwin Jr.,LAC,7,7.9,12.799999999999999,4.3,0.3,1.13,1.83,0.61,0.04
Mac McClung,IND,4,7.8,1.9000000000000001,1,0.8999999999999999,1.95,0.48,0.25,0.22
Charles Bassey,ATL,4,7.6000000000000005,19.6,1.4000000000000001,0,1.9,4.9,0.35,0
Cormac Ryan,MIL,2,7.5,1.4,0,0.8,3.75,0.7,0,0.4
Jackson Rowe,GSW,5,7.4,8.700000000000001,1.9,0.6,1.48,1.74,0.38,0.12
David Roddy,TOR,2,7.300000000000001,1.5,0.5,1,3.65,0.75,0.25,0.5
Alize Johnson,MIN,4,7.2,10.2,0.2,0,1.8,2.55,0.05,0
Marques Bolden,GSW,2,5.800000000000001,2.7,0,0,2.9,1.35,0,0
Tamar Bates,DEN,3,5.8,0,0.8,0,1.93,0,0.27,0
Matthew Cleveland,DAL,1,5.8,3.3,1.7,0.8,5.8,3.3,1.7,0.8
John Tonje,UTA,3,5.8,9.6,0,0,1.93,3.2,0,0
Jaden Springer,NOP,1,5.8,0,2.9,0,5.8,0,2.9,0
Terry Rozier,MIA,1,5.4,2.7,0,0,5.4,2.7,0,0
Trentyn Flowers,CHI,1,5.4,1.4,0,0,5.4,1.4,0,0
Jalen Bridges,BOS,3,4.9,3.5,1.4,1,1.63,1.17,0.47,0.33
Miller Kopp,CLE,2,4.7,1.2,0,0.7,2.35,0.6,0,0.35
Jalen Slawson,IND,4,4.5,3.6,2,0.6,1.13,0.9,0.5,0.15
Adam Flagler,SAS,2,4.2,1,1.8,0.8,2.1,0.5,0.9,0.4
Kendall Brown,BOS,3,4.2,1.4,0.8,0,1.4,0.47,0.27,0
Keshon Gilbert,WAS,3,4.1,3,1,0,1.37,1,0.33,0
Gabe Madsen,MIA,2,3.8000000000000003,2,1.7,0.9,1.9,1,0.85,0.45
Jared Rhoden,TOR,2,3.7,1,1.5,0,1.85,0.5,0.75,0
Eli John Ndiaye,ATL,2,3.5,1.1,0,0,1.75,0.55,0,0
Anton Watson,LAL,4,3.4000000000000004,2.6999999999999997,4.699999999999999,1.1,0.85,0.68,1.17,0.28
Brandon Clarke,MEM,2,3.1999999999999997,3.9,0.1,0,1.6,1.95,0.05,0
Dillon Jones,WAS,6,3.1,16.7,3.8,0.2,0.52,2.78,0.63,0.03
Norchad Omier,CLE,1,3.1,2.1,0,0,3.1,2.1,0,0
Braxton Key,MEM,1,3,2.3,0.4,0,3,2.3,0.4,0
Dalano Banton,LAC,4,3,0.3,0.8,0,0.75,0.08,0.2,0
David Duke Jr.,PHX,3,2.8,5.8999999999999995,5.1,0.6,0.93,1.97,1.7,0.2
Tyler Smith,MIL,2,2.5,0.8,0.8,0,1.25,0.4,0.4,0
RJ Luis Jr.,BOS,3,2.5,1.5,0,0,0.83,0.5,0,0
Ibou Badji,CHA,1,2.1,3.2,0,0,2.1,3.2,0,0
Mouhamadou Gueye,CHI,2,2.1,1.1,0,0,1.05,0.55,0,0
Chaney Johnson,CLE,1,2.1,0,0.5,0,2.1,0,0.5,0
Max Shulga,BOS,4,1.8,1.4,1,0,0.45,0.35,0.25,0
Cameron Matthews,HOU,3,1.6,4.1,6.2,0,0.53,1.37,2.07,0
Jalen Crutcher,ORL,1,1.6,0,0,0.5,1.6,0,0,0.5
Buddy Boeheim,OKC,2,1.3,0,0,0.4,0.65,0,0,0.2
Tyler Burton,MEM,2,1.1,1.3,0,0,0.55,0.65,0,0
CJ Huntley,PHX,1,1.1,0.6,0,0,1.1,0.6,0,0
Kessler Edwards,DEN,2,0.8,2.5,0,0,0.4,1.25,0,0
Spencer Dinwiddie,CHA,2,0.7,0.3,2.6,0,0.35,0.15,1.3,0
Chris Mañon,LAL,4,0.6,1.8,0.3,0,0.15,0.45,0.08,0
Delon Wright,IND,1,0.4,0,0,0,0.4,0,0,0
Saint Thomas,PHI,1,0,0,0,0,0,0,0,0
Taevion Kinsey,GSW,3,0,2.1,0.5,0,0,0.7,0.17,0
Charles Bediako,DET,2,0,1.1,0,0,0,0.55,0,0
Emoni Bates,PHI,1,0,0,0,0,0,0,0,0
Fanbo Zeng,BKN,1,0,0,0,0,0,0,0,0
Dennis Smith Jr.,DAL,2,0,0.7999999999999999,0.8999999999999999,0,0,0.4,0.45,0
Dariq Whitehead,BKN,1,0,0,0.5,0,0,0,0.5,0
Nate Hinton,MEM,1,0,0,0,0,0,0,0,0
Darius Brown II,CLE,1,0,0.8,0,0,0,0.8,0,0
